tag,type,referring,referred
000J,lemma,2,4
000R,lemma,4,16
000X,lemma,1,9
002O,lemma,1,5
002Q,lemma,1,1
002Y,lemma,2,1
0032,lemma,2,5
0035,lemma,1,2
0038,lemma,1,20
0039,lemma,1,8
003V,lemma,2,9
003Z,lemma,1,7
0040,lemma,1,15
0041,lemma,5,5
004A,lemma,2,1
0052,lemma,1,24
005E,lemma,1,6
005F,lemma,2,4
005J,lemma,1,4
005L,lemma,1,3
005P,lemma,1,1
005R,theorem,2,3
0066,lemma,1,4
007W,lemma,3,1
007Y,lemma,1,1
007Z,lemma,1,5
0084,lemma,1,3
0085,lemma,6,1
008A,lemma,1,2
008B,lemma,1,1
008F,lemma,1,2
008G,lemma,1,2
008H,lemma,2,1
008I,lemma,1,2
008T,lemma,1,1
008U,lemma,1,2
008Y,lemma,2,2
0096,lemma,2,1
0097,lemma,2,2
0098,lemma,2,9
009F,lemma,2,8
009M,lemma,1,2
009N,lemma,2,3
009Q,lemma,3,1
009R,lemma,1,1
009T,lemma,1,1
009U,lemma,1,1
009V,lemma,3,2
00A3,lemma,1,1
00AE,lemma,1,4
00AN,lemma,2,1
00CR,lemma,1,8
00D2,lemma,1,2
00D5,lemma,1,1
00D6,lemma,1,2
00D7,lemma,1,1
00DA,lemma,1,1
00DB,lemma,1,19
00DD,lemma,3,7
00DF,lemma,1,5
00DL,lemma,2,1
00DQ,lemma,1,1
00DS,lemma,1,40
00DV,lemma,3,94
00E2,lemma,1,4
00E3,lemma,4,13
00E4,lemma,1,10
00E5,lemma,1,10
00E7,lemma,1,7
00E8,lemma,1,12
00E9,lemma,1,7
00ED,lemma,2,3
00EE,lemma,2,12
00EF,lemma,1,2
00EG,lemma,3,1
00EH,lemma,1,6
00EK,lemma,5,2
00EM,lemma,2,10
00EO,lemma,4,21
00ES,lemma,1,10
00ET,lemma,2,2
00EU,lemma,1,33
00EV,lemma,1,4
00EW,lemma,2,6
00F6,lemma,3,14
00F7,lemma,3,1
00F8,lemma,4,4
00F9,lemma,2,1
00FA,lemma,2,1
00FB,lemma,1,1
00FD,lemma,1,2
00FE,theorem,5,6
00FH,lemma,5,3
00FI,lemma,2,4
00FJ,lemma,1,1
00FK,lemma,1,11
00FL,lemma,2,5
00FO,lemma,1,4
00FP,lemma,3,6
00FQ,lemma,1,11
00FR,lemma,3,18
00FU,theorem,4,1
00FV,theorem,6,21
00FY,lemma,2,1
00G1,lemma,2,4
00G3,lemma,1,7
00G4,lemma,4,3
00G6,lemma,2,3
00G9,lemma,1,1
00GA,lemma,1,7
00GB,proposition,5,5
00GD,lemma,5,1
00GJ,lemma,1,3
00GK,lemma,1,14
00GL,lemma,1,6
00GM,lemma,1,8
00GN,lemma,3,3
00GO,lemma,2,6
00GQ,lemma,5,15
00GR,lemma,2,3
00GS,lemma,1,7
00GT,lemma,2,12
00GU,lemma,1,27
00GX,lemma,1,2
00H0,lemma,2,1
00H1,lemma,2,1
00H4,lemma,2,1
00H5,lemma,1,2
00H6,lemma,5,6
00H7,lemma,1,5
00H8,proposition,4,3
00HC,lemma,2,12
00HD,lemma,6,17
00HJ,lemma,1,6
00HM,lemma,2,11
00HN,lemma,2,29
00HP,lemma,1,7
00HQ,lemma,2,16
00HR,lemma,1,26
00HS,lemma,2,15
00HT,lemma,3,18
00HX,lemma,2,1
00HY,lemma,1,5
00HZ,lemma,5,9
00I0,lemma,6,2
00I1,proposition,4,10
00I4,lemma,2,1
00I6,lemma,2,1
00I7,lemma,7,4
00IA,lemma,1,14
00IB,lemma,1,5
00IC,lemma,1,3
00ID,lemma,1,1
00II,lemma,1,2
00IN,lemma,1,19
00IO,lemma,1,5
00IP,lemma,2,14
00IQ,lemma,3,2
00IT,lemma,1,2
00IW,lemma,2,2
00IY,lemma,1,7
00J0,lemma,2,2
00J2,lemma,1,2
00J3,lemma,2,2
00J8,lemma,1,2
00JA,lemma,2,5
00JB,lemma,4,16
00JD,lemma,2,1
00JP,lemma,2,2
00JU,lemma,1,1
00JW,lemma,2,2
00K1,proposition,1,1
00K6,lemma,2,1
00K8,proposition,3,1
00KB,lemma,1,1
00KC,lemma,3,6
00KH,lemma,9,3
00KI,lemma,1,3
00KJ,proposition,4,18
00KK,lemma,9,4
00KQ,proposition,5,14
00KV,lemma,2,11
00KW,lemma,1,30
00KX,lemma,7,1
00L0,lemma,1,10
00L2,lemma,2,12
00L3,lemma,1,4
00L4,lemma,2,4
00L5,lemma,3,14
00L6,lemma,2,4
00L7,lemma,2,3
00L8,lemma,4,2
00LC,lemma,2,8
00LD,lemma,2,14
00LK,lemma,1,6
00LL,lemma,3,8
00LM,lemma,1,10
00LT,lemma,2,2
00LV,lemma,1,2
00LW,lemma,3,3
00LX,lemma,2,6
00M0,lemma,1,3
00M5,lemma,2,5
00MA,lemma,2,23
00MB,lemma,2,27
00MC,lemma,2,11
00ME,lemma,3,10
00MF,lemma,1,4
00MG,lemma,1,6
00MH,lemma,2,1
00MI,lemma,1,2
00MJ,lemma,1,1
00MK,lemma,5,2
00ML,lemma,4,7
00MO,lemma,4,1
00MP,lemma,5,3
00MQ,lemma,5,7
00MU,lemma,1,1
00MX,lemma,3,1
00MY,lemma,1,1
00N0,lemma,1,2
00N1,proposition,6,3
00N4,lemma,1,1
00N5,lemma,2,2
00N6,proposition,3,8
00N9,lemma,1,5
00NA,lemma,2,3
00NB,lemma,1,1
00ND,lemma,1,2
00NG,lemma,1,1
00NJ,lemma,2,3
00NK,lemma,2,2
00NM,lemma,4,3
00NO,lemma,3,4
00NP,lemma,2,8
00NQ,lemma,2,23
00NR,lemma,3,4
00NS,lemma,1,1
00NT,lemma,2,3
00NU,lemma,1,5
00NX,lemma,9,26
00NZ,lemma,2,10
00O0,lemma,3,6
00O1,lemma,2,4
00O5,lemma,1,3
00O7,proposition,2,5
00O8,lemma,2,2
00O9,lemma,3,1
00OA,lemma,2,1
00OB,lemma,3,1
00OC,proposition,3,3
00OE,lemma,4,5
00OF,lemma,4,10
00OH,lemma,1,3
00OJ,lemma,2,4
00OK,lemma,4,6
00OM,lemma,1,8
00ON,lemma,1,21
00OP,lemma,3,5
00OQ,proposition,2,4
00OR,lemma,4,3
00OS,lemma,2,5
00OT,lemma,5,5
00OU,lemma,1,5
00OV,lemma,7,1
00OX,lemma,1,1
00OY,lemma,2,9
00OZ,lemma,1,2
00P0,lemma,2,7
00P1,lemma,3,12
00P2,lemma,1,3
00P3,lemma,2,3
00P4,lemma,2,7
00P8,lemma,2,1
00P9,lemma,2,1
00PD,lemma,7,21
00PF,lemma,3,2
00PG,lemma,1,4
00PH,lemma,4,7
00PJ,lemma,11,5
00PK,lemma,1,9
00PM,lemma,1,4
00PN,lemma,3,6
00PO,lemma,1,1
00PP,lemma,2,3
00PR,lemma,2,1
00PT,lemma,1,1
00PU,lemma,1,1
00PV,lemma,2,1
00PX,lemma,2,1
00PY,lemma,1,1
00Q0,lemma,1,1
00Q1,lemma,5,1
00Q2,lemma,3,1
00Q4,lemma,1,1
00Q8,lemma,1,1
00Q9,theorem,10,6
00QA,lemma,3,6
00QB,lemma,3,7
00QE,lemma,3,6
00QF,lemma,3,3
00QG,lemma,2,1
00QH,lemma,2,7
00QI,lemma,1,1
00QJ,lemma,2,1
00QK,lemma,2,3
00QN,lemma,3,4
00QO,lemma,2,13
00QQ,lemma,1,2
00QR,lemma,1,3
00QS,lemma,2,4
00QX,lemma,1,6
00R1,lemma,1,4
00R4,lemma,5,9
00R5,lemma,2,2
00R6,lemma,2,5
00R7,lemma,4,4
00R9,lemma,2,1
00RA,lemma,4,1
00RB,lemma,3,1
00RC,theorem,9,15
00RE,lemma,4,4
00RF,lemma,4,1
00RG,lemma,1,1
00RH,lemma,4,3
00RI,lemma,2,2
00RJ,lemma,4,2
00RK,lemma,1,1
00RL,lemma,2,2
00RS,lemma,2,5
00RU,lemma,1,22
00RW,lemma,2,5
00RY,lemma,2,4
00RZ,lemma,1,4
00S2,lemma,1,14
00S5,lemma,2,2
00S6,lemma,2,2
00S7,lemma,3,9
00SB,lemma,4,3
00SC,lemma,7,10
00SE,lemma,3,3
00SF,lemma,3,3
00SG,lemma,2,4
00SH,lemma,1,3
00SI,lemma,4,2
00SJ,lemma,9,3
00SN,lemma,3,3
00SO,lemma,3,3
00SS,lemma,1,2
00ST,lemma,1,6
00SU,lemma,2,3
00SV,lemma,4,6
00SW,lemma,1,5
00SY,lemma,7,9
00SZ,lemma,4,3
00T0,lemma,3,3
00T4,lemma,1,15
00T5,lemma,6,2
00T7,lemma,4,7
00TA,lemma,6,14
00TC,lemma,4,4
00TD,lemma,6,4
00TE,lemma,2,2
00TF,lemma,3,8
00TG,lemma,4,4
00TJ,lemma,1,3
00TK,lemma,1,1
00TL,lemma,2,3
00TN,proposition,3,14
00TP,lemma,2,4
00TR,lemma,3,1
00TS,lemma,9,3
00TT,lemma,9,18
00TV,lemma,5,7
00TW,lemma,1,1
00TX,lemma,6,1
00U2,lemma,12,33
00U3,lemma,5,9
00U4,lemma,1,8
00U5,lemma,1,4
00U6,lemma,3,9
00U7,lemma,5,12
00U8,lemma,6,5
00U9,lemma,1,7
00UE,proposition,14,9
00UF,lemma,2,3
00UG,lemma,3,1
00UH,lemma,2,1
00UI,lemma,2,1
00UJ,lemma,6,6
00UK,lemma,1,3
00UL,lemma,3,3
00UO,lemma,2,10
00UR,lemma,2,4
00UU,lemma,1,2
00UV,lemma,9,10
00UW,lemma,3,10
00VE,lemma,1,4
00VX,lemma,1,1
00W9,lemma,1,2
00WB,theorem,6,8
00WH,proposition,3,2
00WI,lemma,1,3
00WJ,lemma,5,8
00WS,lemma,2,8
00WT,lemma,1,6
00WX,lemma,2,2
00X3,lemma,3,3
00X5,lemma,4,3
00X6,proposition,2,9
00XC,lemma,1,4
00XH,lemma,3,1
00XK,lemma,3,4
00XL,lemma,3,1
00XO,lemma,1,6
00XR,lemma,2,26
00XS,lemma,5,14
00XT,lemma,2,6
00XU,lemma,4,8
00XX,lemma,2,8
00XY,lemma,2,9
00Y2,lemma,3,2
00Y7,lemma,1,1
00YA,lemma,8,4
00YB,lemma,5,1
00YC,proposition,4,4
00YM,lemma,5,1
00YO,lemma,1,1
00YP,lemma,2,1
00YQ,proposition,3,3
00YV,proposition,1,1
00YZ,lemma,1,1
00ZO,lemma,1,2
010D,lemma,1,2
010H,lemma,4,5
0111,lemma,1,2
0117,lemma,1,5
0122,lemma,1,2
0127,lemma,2,3
012C,lemma,1,2
012M,lemma,1,3
012W,lemma,5,4
0132,lemma,1,11
0133,lemma,2,19
013J,lemma,1,2
013K,lemma,2,6
013P,lemma,3,8
013S,lemma,3,7
013T,lemma,5,2
0149,lemma,1,24
014A,lemma,3,7
014B,lemma,1,2
014C,lemma,1,4
014K,lemma,2,1
014L,lemma,5,3
014M,lemma,1,1
014S,proposition,7,1
0152,lemma,2,18
0159,lemma,3,1
015B,lemma,5,9
015C,lemma,1,2
015E,lemma,3,10
015I,lemma,1,2
015J,lemma,3,19
015M,lemma,2,2
015N,lemma,2,6
0160,lemma,1,2
0161,lemma,1,1
016B,lemma,1,1
017K,lemma,4,1
017L,lemma,3,2
017N,lemma,1,2
017S,lemma,1,2
017U,lemma,2,1
017V,lemma,2,4
017W,lemma,1,3
017Y,lemma,1,1
0185,lemma,2,2
0187,lemma,3,1
018B,lemma,2,1
018D,lemma,1,1
018N,lemma,2,3
018O,lemma,2,1
018R,lemma,1,3
018S,lemma,1,1
018T,lemma,1,3
018U,lemma,3,3
018V,lemma,1,2
018Z,lemma,2,2
0190,lemma,4,3
0193,lemma,1,1
0195,lemma,1,3
0196,lemma,1,1
0197,lemma,4,2
0199,lemma,2,1
019A,lemma,3,4
019B,lemma,2,3
019C,lemma,7,2
019E,lemma,2,1
019G,theorem,10,1
019I,lemma,6,1
019L,lemma,1,2
019P,lemma,2,3
019S,lemma,2,5
019T,lemma,1,2
019Y,lemma,2,2
019Z,lemma,2,2
01A0,lemma,3,1
01A3,lemma,1,1
01A6,lemma,1,4
01AB,lemma,2,2
01AG,lemma,2,11
01AH,lemma,5,3
01AI,lemma,1,1
01AJ,lemma,4,6
01AP,lemma,1,1
01AR,lemma,1,1
01AX,lemma,3,7
01AZ,lemma,1,2
01B3,lemma,2,3
01B6,lemma,2,4
01B9,lemma,1,7
01BA,lemma,1,3
01BC,lemma,1,1
01BG,lemma,2,2
01BH,lemma,3,6
01BJ,lemma,2,1
01BK,lemma,3,1
01BQ,lemma,1,3
01BS,lemma,1,2
01BY,lemma,3,5
01C0,lemma,2,1
01CC,lemma,3,1
01CE,lemma,2,3
01CJ,lemma,1,1
01CK,lemma,6,1
01CN,lemma,1,1
01CP,lemma,1,6
01CQ,lemma,2,3
01CT,lemma,1,1
01CW,lemma,2,1
01CY,lemma,2,2
01DA,lemma,1,2
01DG,lemma,6,1
01DI,lemma,8,1
01DN,lemma,2,1
01DO,lemma,2,1
01DP,theorem,3,2
01DV,proposition,1,2
01E1,lemma,2,2
01E5,lemma,2,3
01E7,lemma,1,1
01E8,lemma,1,9
01EA,lemma,4,2
01EB,lemma,2,8
01EC,lemma,2,2
01EK,lemma,2,2
01EL,lemma,1,1
01EN,lemma,10,2
01EP,lemma,2,11
01EQ,lemma,2,1
01ES,lemma,4,6
01ET,lemma,1,1
01EV,lemma,4,2
01EW,lemma,3,4
01EX,lemma,2,2
01EZ,lemma,3,3
01F1,lemma,2,1
01F2,lemma,3,6
01F5,lemma,4,1
01F6,lemma,2,2
01FD,lemma,3,2
01FF,lemma,8,9
01FM,lemma,2,6
01G2,lemma,3,3
01G4,lemma,1,3
01G9,lemma,8,2
01GC,lemma,2,2
01GD,lemma,3,1
01GE,lemma,5,2
01GF,lemma,2,1
01GH,lemma,3,3
01GI,lemma,1,1
01GJ,lemma,8,3
01GM,lemma,5,1
01GN,lemma,2,1
01GP,lemma,4,1
01GS,lemma,3,1
01GW,lemma,3,3
01GY,lemma,4,2
01H0,theorem,8,1
01H7,lemma,2,1
01HH,lemma,2,1
01HP,lemma,1,11
01HQ,lemma,2,3
01HS,lemma,3,4
01HV,lemma,1,9
01HY,lemma,1,1
01HZ,lemma,1,1
01I1,lemma,5,21
01I2,lemma,2,3
01I3,lemma,2,1
01I4,lemma,2,3
01I5,lemma,2,7
01I7,lemma,1,11
01I9,lemma,2,7
01IA,lemma,7,2
01IB,lemma,2,4
01IE,lemma,2,2
01IH,lemma,5,3
01IN,lemma,1,8
01IQ,lemma,3,8
01IT,lemma,1,3
01IX,lemma,1,1
01J1,lemma,1,3
01J2,lemma,1,2
01J3,lemma,2,12
01J6,lemma,1,6
01J8,lemma,4,3
01JB,lemma,1,5
01JJ,lemma,3,13
01JQ,lemma,1,3
01JR,lemma,1,4
01JT,lemma,2,11
01JU,lemma,3,3
01JY,lemma,1,18
01K1,lemma,2,8
01K4,lemma,1,13
01K6,lemma,1,4
01K7,lemma,1,2
01K9,lemma,5,5
01KC,lemma,3,1
01KE,lemma,6,1
01KF,proposition,2,10
01KI,lemma,1,2
01KJ,lemma,4,9
01KM,lemma,3,6
01KN,lemma,1,1
01KO,lemma,2,13
01KP,lemma,4,14
01KR,lemma,3,5
01KS,lemma,1,8
01KT,lemma,1,15
01KU,lemma,3,22
01KV,lemma,3,12
01KZ,lemma,2,2
01L0,lemma,2,3
01L4,lemma,1,6
01L7,lemma,3,15
01L8,lemma,2,1
01LC,lemma,2,32
01LD,lemma,7,3
01LH,lemma,1,4
01LI,lemma,4,1
01LN,lemma,2,1
01LP,lemma,3,2
01LT,lemma,2,4
01LX,lemma,3,7
01LY,lemma,1,3
01M4,lemma,3,3
01M7,lemma,2,9
01MC,lemma,1,9
01MD,lemma,1,5
01MF,lemma,4,3
01MK,lemma,1,1
01MS,lemma,2,5
01MT,lemma,1,2
01MU,lemma,2,5
01MV,lemma,1,2
01MW,lemma,3,4
01N1,lemma,4,7
01N8,lemma,5,3
01N9,lemma,1,2
01NA,lemma,1,2
01NB,lemma,1,1
01NE,lemma,1,7
01NK,lemma,3,4
01NO,lemma,2,2
01NP,lemma,1,2
01NR,lemma,5,3
01NU,lemma,2,4
01NW,lemma,2,1
01NY,lemma,1,5
01NZ,lemma,3,1
01O2,lemma,3,6
01O3,lemma,3,5
01O4,lemma,2,3
01O9,lemma,1,1
01OD,lemma,1,1
01OE,lemma,1,4
01OL,lemma,2,5
01OM,lemma,2,5
01ON,lemma,2,18
01OR,lemma,2,5
01OW,lemma,4,14
01OX,lemma,5,3
01OY,lemma,2,6
01OZ,lemma,2,13
01P0,lemma,3,2
01P3,lemma,1,2
01P4,lemma,6,5
01P7,lemma,4,5
01P8,lemma,1,3
01P9,lemma,3,6
01PB,lemma,1,23
01PC,lemma,3,11
01PE,lemma,4,2
01PF,lemma,2,6
01PG,lemma,1,4
01PH,lemma,6,4
01PI,lemma,4,2
01PJ,lemma,4,1
01PK,lemma,3,7
01PO,lemma,1,4
01PQ,lemma,1,1
01PU,lemma,1,3
01PW,lemma,3,11
01PX,lemma,1,1
01PY,lemma,5,4
01PZ,lemma,1,4
01Q0,lemma,3,1
01Q1,lemma,4,5
01Q2,lemma,1,4
01Q3,proposition,20,9
01QE,lemma,4,7
01QF,lemma,3,1
01QJ,lemma,3,1
01QO,lemma,5,7
01QP,lemma,4,2
01QQ,lemma,3,3
01QR,lemma,1,1
01QT,lemma,1,1
01QU,lemma,1,1
01QV,lemma,5,2
01QY,lemma,4,9
01QZ,lemma,1,2
01R4,lemma,2,6
01R6,lemma,3,2
01R8,lemma,2,16
01R9,lemma,1,1
01RE,lemma,1,4
01RG,lemma,3,12
01RH,lemma,1,3
01RL,lemma,2,3
01S1,lemma,1,10
01S4,lemma,2,10
01S8,lemma,5,11
01SA,lemma,2,5
01SD,lemma,2,12
01SE,lemma,2,9
01SG,lemma,3,7
01SH,lemma,2,1
01SL,lemma,2,1
01SM,lemma,6,7
01SN,lemma,3,1
01SO,lemma,4,4
01ST,lemma,2,8
01SU,lemma,1,2
01SV,lemma,1,13
01T2,lemma,4,32
01T3,lemma,4,10
01T4,lemma,4,16
01T6,lemma,1,32
01T7,lemma,3,4
01T8,lemma,2,14
01TA,lemma,3,6
01TB,lemma,4,5
01TE,lemma,2,12
01TF,lemma,3,9
01TG,lemma,1,6
01TH,lemma,4,21
01TI,lemma,3,7
01TJ,lemma,2,9
01TK,lemma,4,3
01TL,lemma,6,5
01TM,lemma,4,9
01TQ,lemma,4,16
01TR,lemma,5,11
01TS,lemma,5,13
01TU,lemma,3,1
01TV,lemma,1,11
01TX,lemma,3,6
01U1,lemma,2,1
01U4,lemma,1,4
01U5,lemma,1,2
01U6,lemma,1,3
01U7,lemma,1,10
01U8,lemma,1,10
01U9,lemma,1,23
01UA,lemma,3,43
01UD,lemma,5,4
01UE,lemma,1,7
01UF,lemma,2,5
01UG,lemma,2,3
01UH,lemma,3,2
01UI,lemma,3,4
01US,lemma,1,1
01UT,lemma,4,8
01UV,lemma,4,1
01UX,lemma,1,8
01UY,lemma,2,1
01UZ,lemma,2,5
01V0,lemma,1,12
01V1,lemma,2,2
01V2,lemma,4,4
01V3,lemma,4,2
01V6,lemma,5,7
01V7,lemma,2,3
01V8,lemma,1,4
01V9,lemma,11,5
01VA,lemma,3,5
01VB,lemma,3,12
01VD,lemma,1,6
01VF,lemma,2,9
01VJ,lemma,12,9
01VK,lemma,1,1
01VN,lemma,1,4
01VQ,lemma,3,1
01VR,lemma,3,2
01VS,lemma,5,5
01VT,lemma,5,8
01VU,lemma,3,2
01W3,lemma,2,18
01W4,lemma,2,16
01W5,lemma,3,8
01W6,lemma,4,25
01W9,lemma,1,3
01WA,lemma,1,5
01WB,lemma,3,2
01WC,lemma,9,11
01WD,lemma,1,2
01WE,lemma,1,2
01WI,lemma,1,2
01WJ,lemma,2,12
01WK,lemma,2,3
01WL,lemma,1,10
01WM,lemma,4,22
01WN,lemma,2,22
01X9,lemma,4,2
01XB,lemma,3,35
01XC,lemma,3,10
01XD,lemma,2,7
01XF,lemma,4,6
01XG,lemma,3,2
01XI,lemma,5,5
01XJ,lemma,10,10
01XK,lemma,4,5
01XL,lemma,6,2
01XM,lemma,2,2
01XN,lemma,3,1
01XQ,lemma,6,2
01XR,lemma,2,2
01XT,lemma,6,9
01XV,lemma,2,2
01XW,lemma,2,1
01XX,lemma,6,1
01XZ,lemma,9,20
01Y0,lemma,1,4
01Y1,lemma,3,4
01Y2,lemma,2,3
01Y3,lemma,3,1
01Y4,lemma,2,2
01Y5,lemma,3,5
01Y6,lemma,5,7
01Y8,lemma,1,5
01Y9,lemma,1,9
01YA,lemma,1,2
01YB,lemma,7,5
01YD,lemma,2,1
01YE,lemma,6,5
01YF,lemma,4,5
01YG,lemma,1,2
01YH,lemma,2,4
01YI,lemma,2,4
01YJ,lemma,2,1
01YL,lemma,3,1
01YM,lemma,3,2
01YO,lemma,5,2
01YQ,lemma,7,4
01YS,lemma,8,6
01YW,lemma,1,2
01YX,lemma,5,9
01YY,lemma,1,6
01YZ,lemma,2,5
01Z0,lemma,4,7
01Z3,lemma,5,2
01Z5,lemma,5,3
01Z6,lemma,4,15
01Z9,lemma,1,1
01ZA,proposition,1,11
01ZC,proposition,6,5
01ZE,lemma,7,1
01ZG,lemma,4,1
01ZH,lemma,1,1
01ZJ,proposition,2,3
01ZM,lemma,7,38
01ZN,lemma,3,4
01ZO,lemma,3,9
01ZP,lemma,3,8
01ZQ,lemma,4,5
01ZR,lemma,2,8
01ZT,lemma,8,2
01ZV,lemma,2,8
01ZX,lemma,3,2
01ZY,lemma,3,8
0200,lemma,16,9
0202,lemma,5,5
0205,lemma,9,2
0207,lemma,8,1
0208,lemma,6,1
020I,lemma,3,4
020J,lemma,2,1
020Q,lemma,1,2
020V,lemma,1,1
020W,lemma,3,1
020X,lemma,3,2
020Y,lemma,3,5
020Z,lemma,1,1
0210,lemma,5,1
0211,lemma,1,2
0216,lemma,1,2
021C,lemma,1,1
021D,lemma,1,2
021E,lemma,3,1
021F,lemma,3,5
021G,lemma,2,1
021H,lemma,5,1
021I,lemma,4,4
021K,lemma,2,1
021N,lemma,3,3
021O,lemma,4,1
021P,lemma,1,7
021U,lemma,1,1
021V,lemma,3,2
021W,lemma,4,2
0220,lemma,2,2
0222,lemma,1,6
0226,lemma,2,2
0228,lemma,1,6
022C,lemma,3,4
022D,lemma,3,5
022H,lemma,1,5
022J,lemma,2,1
022K,lemma,6,1
023E,lemma,2,1
023H,lemma,2,1
023L,lemma,3,1
023M,lemma,1,11
023N,proposition,4,4
023Q,lemma,6,9
023S,lemma,1,2
023T,proposition,6,11
023Y,lemma,1,3
0240,lemma,1,2
0241,lemma,5,2
0242,lemma,1,1
0243,lemma,1,2
0245,lemma,5,15
0247,lemma,7,4
024B,lemma,2,1
024C,lemma,2,1
024E,lemma,2,1
024G,lemma,2,1
024P,theorem,11,1
024T,proposition,3,6
024U,theorem,1,1
024V,proposition,3,4
025G,theorem,6,9
025H,theorem,2,2
025W,lemma,2,4
0262,lemma,2,17
0265,lemma,16,2
026G,lemma,3,4
02C3,lemma,1,1
02CE,proposition,2,7
02FL,lemma,2,3
02FM,lemma,2,6
02FQ,lemma,1,2
02FV,lemma,4,11
02FX,lemma,1,18
02FY,lemma,1,15
02FZ,lemma,1,9
02G0,lemma,2,1
02G1,lemma,3,6
02G5,lemma,1,8
02G6,lemma,3,3
02G7,lemma,4,2
02G8,lemma,2,5
02G9,lemma,3,2
02GA,lemma,3,7
02GC,lemma,2,3
02GE,lemma,2,13
02GF,lemma,9,7
02GG,lemma,3,1
02GJ,lemma,3,5
02GL,lemma,4,21
02GM,lemma,5,3
02GN,lemma,3,10
02GO,lemma,3,7
02GQ,lemma,1,1
02GS,lemma,2,12
02GT,lemma,1,4
02GU,lemma,4,4
02GV,lemma,2,11
02GW,lemma,1,7
02H3,lemma,2,2
02H4,lemma,3,3
02H5,lemma,2,2
02H6,lemma,18,3
02H9,lemma,5,6
02HC,lemma,1,3
02HD,lemma,3,1
02HE,lemma,2,6
02HK,lemma,1,1
02HL,lemma,3,1
02HM,lemma,7,3
02HO,lemma,2,1
02HQ,lemma,1,2
02HT,lemma,11,2
02HV,lemma,2,2
02HX,lemma,4,7
02I7,lemma,1,3
02IB,lemma,2,3
02IC,lemma,4,1
02IE,lemma,2,1
02IG,lemma,3,4
02IH,lemma,1,4
02IJ,lemma,3,6
02IL,lemma,7,5
02IM,lemma,4,5
02IP,lemma,3,2
02IT,lemma,3,8
02IX,lemma,2,2
02IZ,lemma,2,9
02J2,lemma,1,6
02J3,lemma,2,3
02J4,lemma,4,6
02J5,lemma,3,5
02J6,lemma,4,5
02J9,lemma,5,3
02JB,lemma,2,1
02JH,lemma,1,1
02JJ,lemma,1,11
02JN,lemma,1,6
02JO,lemma,8,16
02JP,lemma,6,1
02JQ,lemma,3,8
02JR,lemma,2,1
02JS,lemma,3,5
02JU,lemma,1,7
02JW,lemma,6,1
02JY,lemma,4,14
02JZ,lemma,4,14
02K0,lemma,2,1
02K1,lemma,2,1
02K3,lemma,6,1
02K4,lemma,2,3
02K5,lemma,5,2
02K6,lemma,2,2
02KB,lemma,3,19
02KG,lemma,2,8
02KH,lemma,4,35
02KI,lemma,1,3
02KK,lemma,4,6
02KL,lemma,3,5
02KM,lemma,4,5
02KP,lemma,10,14
02KQ,lemma,3,9
02KR,lemma,4,1
02KS,lemma,3,4
02KT,lemma,1,1
02KU,lemma,5,8
02KW,lemma,4,1
02KX,lemma,4,6
02KY,lemma,4,9
02KZ,lemma,2,1
02L0,lemma,3,1
02L2,lemma,3,12
02L3,lemma,4,6
02L4,lemma,2,6
02L5,lemma,9,5
02L6,lemma,3,5
02L7,lemma,7,3
02L8,lemma,7,1
02L9,lemma,3,2
02LA,lemma,3,9
02LC,lemma,6,2
02LF,lemma,1,4
02LK,lemma,1,7
02LL,lemma,1,3
02LM,lemma,7,2
02LN,lemma,4,6
02LO,lemma,3,4
02LP,lemma,1,3
02LR,lemma,3,9
02LS,lemma,9,9
02LX,lemma,3,14
02M0,lemma,3,8
02M1,lemma,1,8
02M2,lemma,1,1
02M6,lemma,3,2
02M8,lemma,1,1
02MA,lemma,4,6
02MC,lemma,2,4
02MJ,lemma,3,4
02ML,lemma,4,3
02MM,lemma,3,1
02MS,lemma,5,6
02N1,lemma,1,5
02N4,lemma,1,2
02N5,lemma,2,3
02N7,lemma,3,1
02ND,lemma,2,3
02NE,lemma,3,2
02NF,lemma,3,1
02NG,lemma,3,11
02NH,lemma,2,11
02NK,lemma,1,6
02NL,lemma,1,1
02NM,lemma,1,3
02NN,lemma,1,1
02NP,lemma,2,2
02NR,lemma,2,2
02NS,lemma,3,7
02NT,lemma,1,2
02NU,lemma,4,4
02NW,lemma,3,10
02NX,lemma,5,2
02NZ,lemma,1,1
02O0,lemma,2,4
02O1,lemma,3,6
02O4,lemma,8,2
02O5,proposition,10,8
02O6,lemma,4,8
02O8,lemma,1,2
02OA,lemma,1,1
02OB,lemma,2,3
02OC,theorem,2,4
02OD,lemma,4,4
02OE,lemma,5,2
02OG,lemma,9,3
02OH,lemma,5,7
02OK,lemma,3,6
02OL,lemma,2,3
02OM,lemma,2,2
02OO,lemma,3,4
02OS,lemma,6,10
02OU,lemma,2,3
02OV,lemma,4,2
02OW,lemma,6,2
02OZ,lemma,7,2
02P2,lemma,1,2
02P8,lemma,1,1
02P9,lemma,2,2
02PA,lemma,2,3
02PC,lemma,2,1
02PD,lemma,1,1
02PI,lemma,1,2
02PN,lemma,1,3
02PO,lemma,1,2
02PU,lemma,1,1
02PV,lemma,1,1
02PX,lemma,1,2
02Q0,lemma,2,2
02Q2,lemma,2,3
02Q3,lemma,1,1
02Q4,lemma,3,2
02Q5,lemma,4,1
02Q7,lemma,9,1
02Q8,lemma,10,1
02QB,lemma,1,2
02QC,lemma,1,2
02QD,proposition,6,3
02QF,lemma,1,2
02QG,lemma,1,6
02QH,lemma,2,1
02QJ,lemma,3,1
02QT,lemma,3,2
02QW,lemma,6,3
02QZ,lemma,1,3
02R1,lemma,5,1
02R5,lemma,2,2
02R6,lemma,6,5
02R8,lemma,2,2
02RD,lemma,3,3
02RE,lemma,5,5
02RG,lemma,7,4
02RH,lemma,5,1
02RK,lemma,5,1
02RL,lemma,1,1
02RM,lemma,3,2
02RQ,lemma,5,3
02RR,lemma,1,1
02RT,lemma,2,4
02RU,lemma,7,1
02RX,lemma,1,3
02S1,lemma,5,4
02S2,lemma,4,5
02S4,lemma,3,4
02S9,lemma,3,1
02SB,lemma,3,1
02SG,lemma,1,2
02SH,lemma,1,2
02SK,lemma,1,5
02SP,lemma,1,3
02SQ,lemma,2,5
02SS,lemma,6,4
02ST,lemma,1,4
02SU,lemma,1,11
02SW,lemma,4,1
02SX,lemma,8,1
02T2,lemma,3,1
02T4,lemma,2,2
02T9,lemma,3,1
02TA,lemma,2,2
02TB,lemma,2,1
02TC,lemma,5,1
02TD,lemma,2,1
02TH,lemma,1,2
02TI,lemma,5,4
02TJ,lemma,2,1
02TM,lemma,6,3
02TO,lemma,5,3
02TR,lemma,3,5
02TT,lemma,3,3
02TW,lemma,1,1
02TX,lemma,6,2
02U6,lemma,3,6
02U7,lemma,2,1
02U8,lemma,4,2
02U9,lemma,4,2
02UD,lemma,3,2
02UG,lemma,4,1
02UH,lemma,2,2
02UI,lemma,3,1
02UP,lemma,5,1
02UQ,lemma,1,2
02UR,lemma,2,5
02UT,lemma,3,1
02UV,lemma,3,3
02UW,lemma,2,2
02UX,lemma,4,1
02UZ,proposition,5,4
02V0,lemma,2,2
02V3,lemma,2,1
02V4,lemma,6,4
02V5,lemma,1,6
02V6,lemma,2,1
02V7,lemma,6,3
02VD,lemma,1,2
02VH,lemma,5,5
02VI,lemma,3,4
02VK,lemma,3,1
02VL,lemma,3,3
02VM,lemma,4,2
02VN,lemma,3,13
02VO,lemma,4,6
02VS,lemma,2,2
02VW,lemma,1,1
02VX,lemma,3,2
02VY,lemma,2,1
02VZ,lemma,5,2
02W0,lemma,2,2
02W3,lemma,9,4
02W5,lemma,2,12
02W8,lemma,6,8
02WC,lemma,2,4
02WD,lemma,1,2
02WJ,lemma,1,3
02WK,lemma,1,11
02WL,lemma,1,11
02WM,lemma,1,4
02WO,lemma,1,2
02WR,lemma,8,4
02WT,lemma,3,1
02WU,lemma,5,10
02WV,lemma,1,2
02WW,theorem,8,24
02WY,lemma,6,4
02WZ,lemma,2,8
02X1,lemma,2,19
02X2,lemma,1,4
02X4,lemma,7,4
02XE,lemma,1,1
02XL,lemma,1,10
02XO,lemma,2,3
02XQ,lemma,1,3
02XR,lemma,1,1
02XT,lemma,2,1
02Y2,lemma,1,2
02Y3,lemma,4,3
02YA,lemma,2,1
02YF,lemma,3,2
02YI,lemma,6,1
02YK,lemma,1,1
02YM,lemma,5,2
02YR,lemma,1,1
02YS,lemma,2,3
02YV,lemma,3,2
02YW,lemma,2,8
02Z4,lemma,1,1
02ZJ,lemma,1,4
02ZL,lemma,3,4
02ZN,lemma,4,4
02ZP,lemma,2,1
02ZX,lemma,1,4
02ZY,lemma,2,4
02ZZ,lemma,1,1
0300,lemma,5,6
0301,lemma,1,2
0303,lemma,2,1
030A,lemma,2,2
030C,lemma,6,14
030K,lemma,2,9
030M,lemma,1,3
030N,lemma,2,7
030Q,lemma,1,3
030R,lemma,4,6
030U,lemma,4,7
030V,lemma,6,6
030W,lemma,2,12
030X,lemma,2,1
0310,lemma,1,8
0311,lemma,2,8
0312,lemma,5,4
0315,lemma,3,15
0316,lemma,2,10
0318,lemma,1,1
031A,lemma,1,1
031B,lemma,1,2
031C,lemma,1,2
031D,lemma,2,5
031E,lemma,1,5
031F,lemma,4,4
031I,lemma,2,5
031J,proposition,5,5
031K,lemma,2,5
031L,lemma,3,1
031N,lemma,1,2
031Q,lemma,2,5
031R,lemma,2,7
031S,lemma,7,18
031T,lemma,7,12
031V,lemma,1,2
031W,lemma,4,6
031X,lemma,5,2
031Y,lemma,2,2
031Z,lemma,1,1
0320,lemma,6,3
0321,lemma,2,1
0322,proposition,4,9
0325,lemma,3,2
0328,lemma,1,3
0329,lemma,2,2
032A,theorem,4,9
032B,lemma,1,1
032D,lemma,5,7
032G,lemma,1,4
032H,lemma,2,3
032I,lemma,6,2
032L,lemma,4,3
032M,lemma,1,3
032N,lemma,4,1
032O,lemma,3,1
032P,lemma,7,2
032Q,lemma,4,1
032S,lemma,1,2
032T,lemma,1,4
032U,lemma,1,4
032V,lemma,2,2
032W,lemma,5,6
032Y,lemma,5,5
0330,lemma,5,2
0331,lemma,8,4
0332,lemma,2,1
0333,lemma,2,2
0334,proposition,11,6
0335,proposition,2,6
0337,lemma,1,9
0338,lemma,3,2
0339,lemma,3,6
033A,lemma,2,8
033B,lemma,2,6
033C,lemma,4,13
033G,lemma,1,7
033M,lemma,3,5
033V,lemma,3,1
033X,lemma,3,2
0342,lemma,1,1
0345,lemma,1,6
0346,lemma,2,3
0349,lemma,10,8
034C,lemma,4,6
034E,lemma,4,3
034F,lemma,4,6
034H,lemma,2,5
034J,lemma,6,2
034K,lemma,3,1
034N,lemma,5,4
034V,lemma,1,1
034X,lemma,5,5
034Y,lemma,3,2
034Z,lemma,11,1
0351,lemma,2,2
0352,lemma,3,3
0353,lemma,3,3
0354,lemma,11,1
0356,lemma,3,12
0357,lemma,1,6
0358,lemma,1,4
035A,lemma,2,4
035B,lemma,2,5
035C,lemma,1,1
035D,lemma,4,4
035F,lemma,3,3
035I,lemma,5,7
035J,lemma,2,1
035L,lemma,7,2
035O,lemma,3,5
035P,lemma,7,6
035Q,lemma,8,8
035R,lemma,2,1
035S,lemma,5,8
035W,lemma,4,7
035X,lemma,3,2
035Y,lemma,3,2
035Z,lemma,3,4
0363,lemma,3,3
0367,lemma,1,6
036A,lemma,10,1
036B,lemma,2,1
036C,lemma,10,1
036D,lemma,1,1
036H,lemma,10,10
036K,lemma,5,6
036N,lemma,4,2
036O,lemma,5,1
036P,lemma,4,2
036Q,lemma,3,1
036S,lemma,4,1
036U,lemma,4,2
036W,lemma,4,3
0377,lemma,2,3
0378,lemma,1,3
037A,lemma,4,1
037F,lemma,1,1
037G,lemma,2,1
037K,lemma,4,1
037M,lemma,1,1
037N,lemma,1,1
037O,lemma,3,2
037P,lemma,2,2
037Q,lemma,4,1
037R,lemma,5,1
037U,lemma,1,2
037X,lemma,1,5
037Z,lemma,7,1
0381,lemma,5,2
0383,lemma,1,14
0384,lemma,2,5
0385,lemma,3,2
0387,lemma,1,4
0388,lemma,1,2
0389,lemma,3,3
038B,lemma,1,8
038C,lemma,1,2
038F,lemma,3,6
038G,lemma,1,2
038H,lemma,3,3
038I,lemma,3,1
038J,lemma,4,1
038K,lemma,1,1
038N,lemma,4,1
038O,lemma,1,3
038P,lemma,2,1
038R,lemma,3,5
038U,lemma,3,2
038V,lemma,2,3
038W,lemma,2,1
038X,lemma,5,4
0392,lemma,2,2
0394,lemma,5,5
0395,proposition,13,3
0397,lemma,4,8
0399,theorem,1,13
039B,theorem,3,2
039C,theorem,6,5
039D,lemma,1,1
039E,lemma,1,1
039H,lemma,2,2
039I,lemma,3,1
039J,lemma,1,1
039L,lemma,3,4
039M,lemma,3,1
039R,theorem,6,7
039S,lemma,1,1
039W,lemma,2,2
039X,lemma,1,1
03A0,lemma,1,16
03A1,lemma,8,2
03A2,lemma,1,1
03A3,lemma,2,1
03AJ,lemma,1,6
03AR,lemma,2,1
03AS,lemma,1,3
03AU,lemma,10,3
03AW,lemma,3,7
03AZ,lemma,4,4
03BB,lemma,1,3
03BH,lemma,1,5
03BI,lemma,2,3
03BJ,lemma,3,3
03BK,lemma,5,2
03BL,lemma,6,1
03BM,proposition,15,14
03BW,lemma,2,6
03BX,lemma,5,7
03BZ,lemma,3,15
03C1,lemma,1,1
03C3,lemma,1,3
03C4,lemma,1,16
03C6,lemma,1,3
03C8,lemma,3,1
03CA,lemma,1,4
03CD,lemma,3,5
03CE,lemma,3,4
03CF,lemma,8,6
03CH,lemma,2,1
03CI,lemma,2,6
03CN,lemma,3,1
03CO,lemma,4,3
03CR,lemma,3,4
03CZ,lemma,1,3
03D3,lemma,1,2
03D7,lemma,2,1
03DA,lemma,1,1
03DB,lemma,3,3
03DC,lemma,2,3
03DF,lemma,1,4
03DI,lemma,2,6
03DJ,lemma,4,2
03DN,lemma,2,7
03DO,lemma,5,5
03DP,lemma,1,10
03DQ,lemma,3,1
03DT,lemma,6,4
03DV,lemma,2,1
03DW,proposition,5,12
03DX,proposition,4,8
03DZ,lemma,3,1
03E1,lemma,1,2
03E4,lemma,1,5
03E8,lemma,1,2
03EC,lemma,6,2
03EE,lemma,1,3
03EF,lemma,2,1
03EH,lemma,1,4
03EI,lemma,1,1
03EM,lemma,1,1
03EO,lemma,1,2
03EP,lemma,2,1
03EU,lemma,2,1
03EV,lemma,3,2
03EW,lemma,2,11
03EX,lemma,1,4
03EY,lemma,1,2
03EZ,lemma,2,1
03F1,lemma,1,1
03F3,lemma,2,8
03F5,lemma,2,1
03F6,lemma,2,3
03F7,lemma,1,1
03F9,lemma,3,12
03FB,lemma,2,2
03FC,lemma,5,3
03FD,lemma,6,1
03FJ,lemma,2,1
03FL,lemma,9,1
03FM,lemma,2,2
03FP,lemma,3,1
03FS,lemma,2,9
03FU,lemma,1,7
03FV,lemma,2,7
03FX,lemma,3,23
03FY,lemma,2,2
03FZ,lemma,8,4
03G1,lemma,1,2
03G2,lemma,4,6
03G4,lemma,3,1
03GA,lemma,1,4
03GD,lemma,1,1
03GE,lemma,4,2
03GG,lemma,4,4
03GH,lemma,4,3
03GI,lemma,4,12
03GL,lemma,1,1
03GN,lemma,1,14
03GP,lemma,2,1
03GQ,lemma,6,2
03GR,lemma,3,2
03GT,theorem,5,1
03GU,lemma,1,2
03GV,lemma,5,3
03GW,lemma,10,2
03GY,lemma,7,3
03GZ,lemma,2,2
03H0,theorem,9,2
03H2,theorem,10,4
03H5,lemma,1,9
03H6,lemma,2,33
03HK,lemma,6,7
03HS,lemma,1,3
03HT,lemma,1,1
03HU,lemma,1,1
03HV,lemma,1,16
03HW,lemma,2,2
03HX,lemma,8,3
03I0,lemma,2,4
03I2,lemma,4,8
03I4,lemma,8,2
03IE,lemma,2,6
03IH,lemma,5,2
03IJ,lemma,2,4
03IL,lemma,2,5
03IM,lemma,3,1
03IQ,lemma,6,9
03IR,lemma,2,8
03IT,lemma,2,8
03J6,lemma,4,2
03J7,lemma,1,3
03JA,lemma,6,10
03JB,lemma,4,1
03JC,lemma,2,1
03JE,lemma,1,7
03JH,lemma,2,20
03JI,proposition,7,1
03JJ,lemma,2,3
03JM,lemma,2,3
03JO,lemma,2,2
03JP,lemma,2,1
03JQ,lemma,2,1
03JS,lemma,3,2
03JT,lemma,4,1
03JU,lemma,7,4
03JV,lemma,5,7
03JX,lemma,8,11
03K2,lemma,6,3
03K3,lemma,2,2
03K5,lemma,2,6
03K6,proposition,5,3
03KA,lemma,7,5
03KD,lemma,1,8
03KE,lemma,6,2
03KF,lemma,6,6
03KG,lemma,7,12
03KJ,proposition,6,3
03KL,lemma,2,19
03KM,lemma,4,8
03KN,lemma,2,7
03KO,lemma,1,7
03KP,lemma,1,10
03KQ,lemma,2,7
03KS,lemma,4,9
03KU,lemma,1,1
03KV,lemma,4,2
03KX,lemma,6,1
03L1,lemma,2,1
03L2,lemma,6,1
03L5,lemma,1,3
03L8,lemma,1,2
03L9,lemma,2,1
03LA,lemma,3,3
03LC,proposition,3,2
03LO,lemma,2,4
03LP,lemma,5,2
03LR,lemma,2,3
03LS,lemma,1,1
03LV,lemma,1,2
03LX,lemma,1,9
03LY,lemma,2,1
03LZ,lemma,2,3
03M0,lemma,5,6
03M1,lemma,6,7
03M3,proposition,5,9
03M4,lemma,6,9
03M5,lemma,2,3
03M8,lemma,1,1
03M9,lemma,8,15
03MB,lemma,5,7
03MH,lemma,1,6
03MJ,lemma,2,11
03MN,lemma,2,6
03MO,lemma,2,9
03MR,lemma,2,9
03MS,lemma,2,1
03MX,lemma,2,2
03N0,lemma,2,9
03NS,theorem,1,1
03O1,lemma,1,1
03O8,theorem,1,1
03OA,lemma,1,2
03OG,proposition,3,1
03OJ,theorem,2,1
03OV,lemma,1,2
03OW,theorem,3,4
03OZ,lemma,2,2
03P1,lemma,1,2
03P2,theorem,7,3
03P8,theorem,4,2
03PC,proposition,14,5
03PL,lemma,2,2
03PQ,lemma,2,1
03PR,lemma,1,2
03PT,lemma,4,3
03PU,theorem,2,11
03Q1,lemma,10,8
03Q5,lemma,3,3
03Q6,lemma,3,4
03Q8,lemma,1,4
03Q9,theorem,4,4
03QB,lemma,3,1
03QC,proposition,2,4
03QH,theorem,1,1
03QJ,lemma,1,1
03QO,lemma,2,2
03QP,proposition,4,8
03QR,lemma,2,2
03QT,theorem,1,4
03QU,lemma,2,1
03R2,theorem,1,1
03RB,lemma,1,1
03RD,theorem,2,1
03RF,lemma,2,1
03RG,lemma,3,2
03RP,proposition,7,2
03RQ,lemma,6,3
03RR,lemma,1,1
03RT,theorem,2,1
03RV,lemma,5,4
03RX,lemma,1,2
03RZ,lemma,2,7
03S0,lemma,3,1
03S1,lemma,1,1
03S5,proposition,3,1
03S6,lemma,1,1
03S7,lemma,2,1
03S8,lemma,5,3
03SA,lemma,3,6
03SC,theorem,10,2
03SD,lemma,6,1
03SG,lemma,3,2
03SI,proposition,1,2
03TI,proposition,1,1
03TO,lemma,1,1
03TT,lemma,1,2
03UB,lemma,1,1
03UC,lemma,1,1
03V2,theorem,1,2
03W7,lemma,6,3
03WG,lemma,6,11
03WM,lemma,6,3
03WR,lemma,2,1
03WS,lemma,2,12
03WT,lemma,3,13
03WU,lemma,2,4
03WV,lemma,2,1
03WW,lemma,3,1
03WX,lemma,3,2
03WZ,lemma,3,1
03X2,lemma,3,1
03X4,lemma,6,1
03X5,lemma,2,1
03XG,lemma,2,15
03XH,lemma,2,17
03XK,lemma,2,3
03XL,lemma,1,5
03XN,lemma,2,6
03XQ,lemma,4,8
03XR,lemma,4,7
03XT,lemma,3,5
03XU,lemma,4,8
03XW,lemma,17,1
03XX,proposition,15,12
03XY,lemma,2,4
03Y1,lemma,1,6
03Y2,lemma,1,3
03Y3,theorem,9,1
03YQ,lemma,3,5
03YS,lemma,4,1
03YU,lemma,2,3
03YV,lemma,8,1
03YX,lemma,4,2
03Z5,lemma,2,2
03ZD,lemma,2,7
03ZE,lemma,2,2
03ZI,lemma,2,4
03ZQ,lemma,7,11
03ZW,lemma,6,1
0407,lemma,2,1
040E,lemma,3,2
040F,lemma,2,1
040I,lemma,1,1
040U,lemma,2,1
040W,lemma,4,3
040X,lemma,3,6
040Y,lemma,3,10
0414,lemma,2,4
0415,lemma,4,10
0416,lemma,5,3
0418,lemma,3,8
041J,lemma,1,16
041L,lemma,3,5
041N,lemma,4,2
041O,lemma,5,3
041Q,lemma,1,1
041S,lemma,3,4
041T,lemma,3,6
041U,lemma,2,1
041W,lemma,3,3
041X,lemma,4,2
041Y,lemma,2,7
041Z,lemma,8,2
0420,lemma,4,3
0421,lemma,4,3
0422,lemma,3,3
0423,lemma,8,1
0425,lemma,3,1
0426,lemma,3,4
0427,lemma,4,1
0429,lemma,3,1
042B,lemma,3,1
042M,lemma,1,2
042N,lemma,1,5
042R,lemma,1,3
042S,lemma,5,9
042U,lemma,10,1
042V,lemma,1,3
042W,lemma,2,1
042X,lemma,2,2
0434,lemma,4,1
0435,lemma,1,2
0436,lemma,1,4
044D,lemma,1,1
044R,lemma,2,3
044U,lemma,1,1
044V,lemma,2,9
044W,lemma,1,1
044X,lemma,1,4
0455,lemma,6,1
0459,lemma,1,3
045A,lemma,1,4
045B,lemma,1,7
045C,lemma,1,12
045G,lemma,4,14
045H,lemma,7,1
045I,lemma,2,4
045J,lemma,2,3
045M,lemma,3,3
045N,lemma,3,1
045P,lemma,2,4
045T,lemma,3,1
045U,lemma,3,7
045V,lemma,5,1
045X,lemma,4,1
045Y,lemma,2,3
045Z,lemma,2,4
0460,lemma,4,1
0461,lemma,12,1
0462,lemma,3,15
0463,lemma,4,6
0464,lemma,2,9
0466,lemma,1,2
0467,lemma,2,3
0468,lemma,2,8
0469,lemma,2,4
046D,lemma,2,1
046G,lemma,1,3
046H,lemma,1,1
046J,lemma,9,2
046K,lemma,11,2
046M,lemma,6,1
046O,lemma,2,4
046P,lemma,2,2
046Q,lemma,2,2
046S,lemma,3,2
046T,lemma,4,3
046V,lemma,1,2
046Y,lemma,3,5
046Z,lemma,1,2
0474,lemma,2,2
0475,lemma,2,3
0476,lemma,7,1
0478,lemma,5,2
0479,lemma,3,4
047B,lemma,1,2
047C,lemma,1,4
047G,lemma,3,2
047H,lemma,1,1
047I,lemma,5,2
047K,lemma,1,2
047L,lemma,3,3
047M,lemma,3,3
047N,lemma,2,2
047P,lemma,2,2
047R,lemma,2,2
047S,lemma,1,2
047Z,lemma,6,2
0482,lemma,1,1
0484,lemma,12,1
0487,lemma,7,3
0488,lemma,9,4
0489,lemma,12,1
048U,lemma,6,1
0491,lemma,4,1
0495,lemma,1,2
049L,lemma,1,1
049N,lemma,5,1
049O,lemma,5,2
049P,lemma,1,1
049Y,lemma,1,1
04AI,lemma,1,6
04AJ,lemma,2,7
04AK,proposition,9,7
04AL,lemma,4,7
04AM,lemma,18,5
04AT,lemma,1,1
04AU,lemma,1,2
04AW,lemma,1,1
04B0,lemma,3,1
04B1,lemma,3,1
04B2,lemma,3,1
04B8,lemma,1,1
04B9,lemma,2,1
04BA,lemma,1,3
04BB,lemma,2,1
04BD,lemma,3,1
04BG,lemma,1,5
04BH,lemma,7,3
04BL,lemma,1,1
04BO,lemma,1,1
04BX,lemma,2,2
04C2,lemma,4,1
04C3,lemma,1,1
04C9,lemma,3,1
04CA,proposition,4,4
04CD,lemma,4,2
04CG,lemma,2,1
04CH,lemma,2,1
04CJ,lemma,7,5
04CK,lemma,1,2
04CO,lemma,1,5
04CP,lemma,1,1
04CQ,lemma,4,3
04CU,lemma,3,13
04CX,lemma,1,1
04CY,lemma,3,4
04D0,lemma,2,1
04D1,lemma,3,10
04D3,lemma,2,6
04D6,lemma,3,7
04DB,lemma,4,3
04DE,lemma,1,3
04DF,lemma,3,5
04DG,lemma,3,3
04DH,lemma,2,3
04DK,lemma,1,1
04DL,lemma,4,2
04DM,lemma,2,3
04DO,lemma,1,2
04DQ,lemma,3,1
04DR,lemma,3,3
04DT,lemma,1,1
04DW,lemma,1,2
04DZ,theorem,11,5
04E3,lemma,3,1
04E4,lemma,1,1
04E5,lemma,3,4
04E8,lemma,3,1
04EB,lemma,2,2
04EF,lemma,4,2
04EL,lemma,4,2
04EN,lemma,5,1
04EP,lemma,1,1
04EQ,lemma,2,1
04ET,lemma,3,2
04EZ,lemma,1,1
04F3,lemma,3,2
04F6,lemma,2,1
04F7,lemma,1,1
04F8,lemma,2,1
04F9,lemma,3,3
04FA,lemma,4,2
04FB,lemma,4,3
04FC,lemma,2,3
04FF,lemma,6,2
04FJ,lemma,3,1
04FM,lemma,4,2
04FR,lemma,1,1
04FV,lemma,1,1
04FW,lemma,1,1
04FX,lemma,4,2
04FZ,proposition,2,1
04G0,lemma,2,1
04G2,lemma,1,2
04G8,lemma,4,4
04G9,lemma,3,2
04GA,lemma,2,2
04GD,lemma,4,2
04GG,lemma,7,11
04GH,lemma,1,9
04GI,lemma,1,2
04GJ,lemma,1,4
04GK,lemma,4,4
04GN,lemma,4,5
04GP,lemma,1,2
04GS,lemma,1,1
04GT,lemma,1,1
04GU,lemma,1,4
04GV,lemma,3,8
04GW,lemma,6,8
04GX,lemma,1,1
04GZ,lemma,4,7
04H1,lemma,5,3
04H2,lemma,4,1
04H3,lemma,3,1
04H4,lemma,2,1
04H7,lemma,2,2
04HB,lemma,1,1
04HH,lemma,3,2
04HI,lemma,2,2
04HJ,lemma,2,2
04HL,lemma,2,2
04HM,lemma,2,1
04HN,lemma,2,6
04HR,lemma,2,5
04HU,lemma,11,4
04HX,lemma,1,5
04HZ,lemma,5,1
04I5,lemma,6,2
04I6,lemma,5,1
04I7,theorem,9,1
04IE,lemma,2,1
04IF,lemma,2,3
04IH,lemma,9,1
04II,lemma,2,5
04IJ,lemma,5,1
04IL,lemma,1,2
04IN,lemma,4,2
04IQ,lemma,2,2
04IR,lemma,1,3
04IS,lemma,2,2
04IU,lemma,1,2
04IV,lemma,2,1
04IY,lemma,2,2
04J0,lemma,1,4
04J3,lemma,3,2
04J4,lemma,1,1
04J5,lemma,1,2
04J7,lemma,3,2
04J8,lemma,3,1
04J9,lemma,2,2
04JC,lemma,2,4
04JM,lemma,4,1
04JQ,lemma,1,1
04JS,lemma,2,3
04JW,lemma,4,1
04JX,lemma,1,2
04K0,lemma,4,2
04K1,lemma,3,1
04K2,lemma,10,8
04K5,theorem,2,7
04K6,lemma,5,1
04K9,lemma,2,1
04KF,lemma,2,15
04KH,lemma,4,1
04KJ,lemma,9,1
04KL,theorem,6,2
04KM,lemma,2,3
04KP,lemma,3,1
04KR,lemma,1,1
04KS,lemma,3,3
04KT,lemma,5,2
04KU,lemma,1,3
04KV,lemma,3,4
04KX,lemma,4,2
04KY,lemma,3,1
04KZ,lemma,4,2
04L2,lemma,1,6
04L4,lemma,12,1
04L5,lemma,7,1
04L6,lemma,1,1
04L7,proposition,5,2
04LH,lemma,1,1
04LP,lemma,1,1
04LQ,lemma,8,4
04LT,lemma,6,1
04LU,lemma,5,2
04LW,lemma,1,2
04M4,lemma,4,2
04M5,lemma,2,1
04M6,lemma,5,1
04M9,lemma,4,4
04MF,lemma,1,3
04MG,lemma,5,7
04MI,lemma,5,3
04MK,proposition,8,2
04MP,lemma,7,2
04MQ,lemma,5,1
04MU,lemma,1,4
04MV,lemma,1,2
04MX,lemma,1,1
04MZ,lemma,8,1
04N0,lemma,4,1
04N4,lemma,6,3
04N8,lemma,1,2
04NC,lemma,1,3
04NG,lemma,4,6
04NI,lemma,2,2
04NL,lemma,3,1
04NQ,lemma,2,1
04NS,lemma,2,3
04NT,lemma,2,2
04NV,lemma,2,5
04NW,lemma,3,9
04NX,lemma,6,15
04NY,lemma,4,3
04NZ,lemma,4,6
04P1,lemma,3,1
04P2,lemma,3,7
04PE,lemma,6,1
04PG,lemma,3,1
04PH,lemma,3,1
04PK,lemma,3,4
04PL,lemma,3,2
04PM,lemma,2,3
04PS,lemma,2,5
04PT,lemma,1,3
04PU,lemma,4,3
04PW,lemma,1,3
04Q0,lemma,1,2
04Q1,lemma,1,2
04Q6,lemma,4,1
04Q7,lemma,1,2
04Q8,lemma,3,3
04Q9,lemma,3,1
04QA,lemma,2,1
04QB,lemma,2,1
04QC,lemma,4,1
04QE,lemma,2,1
04QG,lemma,15,1
04QH,proposition,6,2
04QN,lemma,1,2
04QP,lemma,8,2
04R0,lemma,2,2
04R1,lemma,2,1
04R6,lemma,2,1
04R7,lemma,1,1
04R9,lemma,4,4
04RF,lemma,3,1
04RI,lemma,11,2
04RP,lemma,7,1
04RR,lemma,1,2
04RW,lemma,3,1
04RX,lemma,3,2
04RY,lemma,3,1
04RZ,lemma,9,1
04S0,lemma,3,1
04S1,lemma,2,2
04S4,lemma,7,2
04S6,theorem,23,17
04SC,lemma,2,2
04SG,lemma,4,3
04SH,lemma,2,1
04SK,lemma,2,4
04SY,lemma,2,4
04SZ,proposition,10,5
04T1,lemma,2,1
04T2,lemma,1,1
04T4,lemma,13,7
04T5,lemma,3,9
04T6,lemma,2,3
04T7,lemma,2,7
04T9,lemma,4,2
04TA,lemma,2,5
04TB,lemma,7,2
04TC,lemma,3,5
04TF,lemma,6,2
04TK,theorem,6,2
04TQ,lemma,1,3
04TS,lemma,2,4
04U0,lemma,7,2
04U1,lemma,10,1
04U3,lemma,3,2
04U4,lemma,4,1
04U9,lemma,3,2
04UA,lemma,2,1
04UD,lemma,8,1
04UK,lemma,2,1
04US,lemma,2,1
04VA,lemma,2,1
04VE,lemma,1,2
04VH,lemma,1,1
04VI,lemma,1,3
04VJ,lemma,1,2
04VK,lemma,1,4
04VL,lemma,2,1
04VS,lemma,3,1
04VT,lemma,1,3
04VU,lemma,1,2
04VV,lemma,1,2
04W1,lemma,9,1
04W8,proposition,4,6
04WB,lemma,4,2
04WC,lemma,1,1
04WF,lemma,3,1
04WG,lemma,5,2
04WI,lemma,5,2
04WK,lemma,3,1
04WP,lemma,3,6
04WR,lemma,1,1
04WS,lemma,4,1
04WX,lemma,5,1
04WZ,lemma,2,3
04X0,lemma,4,3
04X2,lemma,2,1
04XD,lemma,1,10
04XI,lemma,2,4
04XJ,lemma,4,2
04XL,lemma,7,4
04XR,lemma,6,2
04XS,lemma,4,5
04XU,lemma,2,3
04XV,lemma,6,5
04XW,lemma,7,3
04XX,lemma,1,6
04XY,lemma,3,7
04XZ,lemma,2,2
04Y0,lemma,4,2
04Y1,lemma,6,2
04Y2,lemma,1,1
04Y4,lemma,3,2
04Y5,lemma,4,8
04Y6,lemma,8,1
04Y9,lemma,1,1
04YC,lemma,1,3
04YN,lemma,5,1
04YQ,lemma,6,4
04YR,lemma,2,3
04YS,lemma,4,2
04YT,lemma,5,2
04YU,lemma,3,1
04YY,lemma,1,1
04YZ,lemma,3,1
04Z7,lemma,1,1
04ZA,lemma,1,5
04ZB,lemma,1,1
04ZF,lemma,3,3
04ZH,lemma,3,4
04ZI,lemma,3,1
04ZJ,lemma,2,1
04ZK,lemma,1,8
04ZL,lemma,5,4
04ZM,lemma,1,2
04ZN,lemma,2,2
04ZP,lemma,3,3
04ZU,lemma,1,2
04ZZ,lemma,5,9
0500,lemma,1,2
0501,lemma,1,1
0504,lemma,1,2
0505,lemma,1,2
0507,lemma,2,4
0509,lemma,8,2
050A,lemma,2,1
050E,lemma,3,1
050F,lemma,3,5
050H,lemma,3,3
050I,lemma,1,2
050J,lemma,1,1
050K,lemma,7,2
050L,lemma,2,3
050M,lemma,7,2
050N,lemma,6,2
050Q,lemma,4,2
050Y,lemma,4,1
0519,lemma,2,18
051B,lemma,1,2
051C,lemma,1,8
051F,lemma,1,2
051G,lemma,1,1
051H,lemma,1,3
051I,lemma,1,1
051J,lemma,1,2
051L,lemma,5,2
051N,lemma,1,4
051P,lemma,1,1
051R,lemma,5,4
051S,lemma,2,1
051T,lemma,2,7
051W,lemma,2,1
051X,lemma,1,1
051Y,lemma,2,1
051Z,lemma,5,2
0520,lemma,3,1
0522,lemma,1,3
0523,lemma,3,4
0524,lemma,1,2
0525,lemma,3,1
0526,lemma,3,1
0527,lemma,4,1
052A,proposition,8,11
052B,proposition,12,2
052E,lemma,3,1
052I,lemma,1,3
052K,lemma,1,6
052L,lemma,2,2
052T,lemma,2,1
052U,lemma,4,1
052V,lemma,3,1
052X,lemma,3,2
0530,lemma,1,1
0531,lemma,2,1
0533,lemma,6,1
0539,lemma,2,7
053A,lemma,2,2
053C,lemma,3,2
053D,lemma,2,1
053E,lemma,5,2
053G,proposition,3,2
053M,lemma,2,2
053R,lemma,11,2
053W,lemma,2,2
053Y,lemma,1,1
053Z,lemma,3,9
0540,lemma,1,2
0541,lemma,2,2
0542,lemma,2,1
0548,lemma,1,6
054C,lemma,3,7
054D,lemma,2,3
054E,lemma,3,1
054F,lemma,4,5
054J,lemma,3,2
054K,theorem,2,1
054L,lemma,1,6
054R,lemma,1,1
054T,lemma,2,2
054U,lemma,1,1
054W,lemma,1,6
054X,lemma,5,5
054Y,lemma,4,6
054Z,lemma,2,1
0550,lemma,5,1
0551,lemma,3,3
0552,lemma,4,1
0554,lemma,5,1
0555,lemma,1,3
0556,lemma,1,3
0557,lemma,3,1
0559,lemma,12,2
055A,lemma,7,1
055B,lemma,4,2
055D,lemma,5,1
055E,lemma,1,1
055F,lemma,1,2
055G,lemma,9,2
055H,lemma,8,1
055I,lemma,4,1
055J,lemma,1,1
055M,lemma,2,4
055N,lemma,6,1
055Q,lemma,8,1
055R,lemma,1,1
055U,lemma,8,1
055V,lemma,1,4
055W,lemma,7,1
0561,lemma,1,4
0564,lemma,5,8
0567,lemma,2,4
0569,lemma,1,5
056B,lemma,1,3
056D,lemma,1,1
056E,lemma,2,1
056F,lemma,3,1
056G,lemma,5,3
056I,lemma,1,1
056J,lemma,7,4
056M,lemma,1,3
056N,lemma,1,1
056Q,lemma,2,7
056R,lemma,1,3
056S,lemma,3,7
056T,lemma,7,4
056U,lemma,5,2
056V,lemma,3,5
056W,lemma,5,1
056Y,lemma,7,3
056Z,lemma,1,1
0570,lemma,9,3
0571,lemma,2,1
0572,lemma,1,1
0573,lemma,7,2
0575,lemma,3,1
0576,lemma,1,5
0577,lemma,4,1
0578,lemma,7,1
0579,lemma,5,3
057A,lemma,4,1
057B,lemma,1,6
057C,lemma,6,2
057D,lemma,3,1
057I,lemma,12,1
057J,lemma,4,2
057K,lemma,6,1
057L,lemma,1,1
057Q,lemma,4,1
057R,lemma,1,2
057S,lemma,5,2
0583,lemma,3,8
0584,lemma,1,11
0585,lemma,1,2
0587,lemma,3,9
0588,lemma,3,6
0589,lemma,1,3
058A,lemma,3,1
058D,lemma,1,1
058E,lemma,1,2
058F,lemma,1,2
058G,theorem,1,10
058K,theorem,2,8
058L,lemma,2,3
058M,lemma,2,1
058R,lemma,2,1
058S,proposition,2,1
058Y,theorem,1,3
0590,lemma,1,1
0593,theorem,3,5
0597,lemma,1,3
0598,lemma,1,6
059D,lemma,2,1
059E,proposition,1,7
059K,proposition,1,4
059M,proposition,4,4
059N,lemma,1,5
059P,lemma,3,1
059S,lemma,3,2
059T,lemma,1,1
059W,lemma,1,2
059X,lemma,3,3
059Z,theorem,2,2
05A0,lemma,3,1
05A3,lemma,1,5
05A5,lemma,2,1
05A6,lemma,3,1
05A8,lemma,1,1
05A9,theorem,3,4
05AA,lemma,1,5
05AE,lemma,1,2
05AF,lemma,4,4
05AG,lemma,2,2
05AH,lemma,2,2
05AN,lemma,1,4
05AP,lemma,2,5
05AR,lemma,1,2
05AW,lemma,3,1
05AX,lemma,2,1
05AZ,lemma,1,5
05B0,lemma,1,5
05B1,lemma,1,3
05B2,lemma,3,2
05B3,lemma,2,1
05B4,lemma,2,2
05B5,lemma,4,3
05B7,lemma,4,1
05B8,lemma,1,4
05B9,lemma,5,5
05BA,lemma,2,2
05BC,lemma,2,2
05BD,lemma,1,3
05BS,lemma,2,1
05BT,lemma,1,2
05BU,lemma,1,2
05BV,lemma,1,1
05BZ,lemma,1,4
05C0,lemma,1,2
05C1,lemma,2,2
05C2,lemma,4,2
05C6,lemma,1,1
05CA,lemma,1,1
05CG,lemma,2,2
05CL,lemma,1,4
05CM,lemma,1,1
05CQ,lemma,1,1
05CW,lemma,2,1
05CY,lemma,1,3
05CZ,proposition,3,4
05D0,lemma,4,2
05D2,lemma,3,1
05D3,lemma,3,1
05D5,lemma,2,2
05D6,lemma,5,1
05D9,lemma,1,1
05DB,lemma,1,1
05DC,lemma,5,9
05DE,lemma,5,4
05DF,lemma,2,2
05DG,lemma,7,1
05DH,lemma,2,2
05DJ,lemma,6,1
05DK,lemma,2,1
05DL,lemma,3,1
05DM,lemma,3,1
05DP,lemma,4,1
05DR,lemma,4,3
05DZ,lemma,4,2
05E1,lemma,5,1
05E7,lemma,3,1
05EA,lemma,1,3
05EB,lemma,1,3
05EC,lemma,4,4
05EE,lemma,3,1
05EG,lemma,8,1
05EH,lemma,2,1
05EK,lemma,8,1
05EM,lemma,1,2
05EP,lemma,2,1
05ER,proposition,4,5
05ES,theorem,2,1
05EX,lemma,2,1
05EZ,lemma,2,2
05F0,lemma,1,1
05F1,lemma,8,2
05F3,lemma,2,1
05F4,lemma,4,12
05F5,lemma,1,3
05F7,lemma,3,1
05F8,lemma,1,2
05F9,lemma,4,1
05FB,lemma,2,4
05FD,lemma,4,1
05FE,lemma,1,1
05FG,lemma,4,1
05FH,lemma,4,1
05FL,lemma,1,1
05FN,lemma,3,1
05FP,lemma,2,3
05FQ,lemma,2,5
05FR,lemma,1,4
05FS,lemma,6,1
05FT,lemma,6,4
05FV,lemma,2,1
05FX,lemma,4,1
05G5,lemma,2,10
05GE,lemma,2,1
05GG,lemma,2,13
05GH,lemma,1,8
05GI,lemma,2,7
05GJ,lemma,1,1
05GQ,lemma,2,1
05GT,lemma,3,1
05GU,lemma,1,1
05GY,lemma,2,1
05H0,lemma,1,1
05H2,lemma,2,1
05H6,lemma,2,1
05H7,lemma,9,2
05H8,lemma,2,2
05HA,lemma,4,2
05HE,lemma,6,1
05HF,lemma,1,1
05HJ,lemma,3,2
05HK,lemma,2,2
05HM,lemma,4,1
05HR,proposition,10,3
05HU,lemma,1,1
05I1,lemma,2,1
05I3,lemma,8,5
05I4,lemma,6,2
05I5,proposition,8,8
05I7,lemma,3,4
05IA,lemma,5,3
05IB,lemma,4,1
05ID,proposition,6,4
05IG,lemma,6,1
05IH,lemma,9,2
05IJ,lemma,1,3
05IK,theorem,10,1
05IL,lemma,1,2
05IM,lemma,1,1
05IN,lemma,1,1
05IU,lemma,2,1
05IZ,lemma,5,1
05J0,lemma,2,1
05J1,lemma,4,1
05J2,lemma,2,1
05J7,lemma,2,2
05J9,lemma,4,2
05JL,lemma,2,1
05JM,lemma,2,2
05JQ,lemma,3,1
05JR,lemma,1,6
05JT,lemma,1,1
05JU,lemma,5,2
05JX,lemma,3,1
05JY,lemma,5,1
05JZ,lemma,2,3
05K0,lemma,6,5
05K6,lemma,1,6
05KF,lemma,2,1
05KG,lemma,2,1
05KK,lemma,6,2
05KN,lemma,3,1
05KP,lemma,6,1
05KQ,lemma,2,2
05KR,lemma,7,5
05KS,lemma,1,2
05KT,lemma,1,1
05KU,lemma,2,1
05KW,lemma,3,7
05KY,lemma,3,2
05KZ,lemma,1,1
05L0,lemma,2,1
05L1,lemma,3,1
05L3,lemma,3,3
05L4,lemma,7,5
05L5,lemma,7,3
05L8,lemma,4,1
05LM,lemma,3,1
05LS,lemma,2,1
05LT,lemma,5,2
05LW,lemma,3,4
05LY,lemma,3,7
05M5,lemma,2,3
05M6,lemma,3,1
05MC,lemma,5,1
05MD,proposition,10,1
05ME,lemma,7,1
05MF,lemma,3,1
05MJ,lemma,5,1
05MN,lemma,2,1
05MS,lemma,7,1
05MV,lemma,8,2
05N6,lemma,1,1
05N7,lemma,1,3
05N9,lemma,1,3
05NB,lemma,3,1
05NE,lemma,1,3
05NG,lemma,3,1
05NH,lemma,1,2
05NI,lemma,2,2
05NJ,lemma,1,1
05NK,lemma,1,2
05NR,lemma,1,1
05NT,proposition,2,2
05NU,lemma,1,2
05NX,theorem,3,2
05P0,lemma,2,1
05P2,lemma,5,2
05P3,lemma,7,1
05P4,lemma,3,1
05P5,lemma,2,1
05P8,lemma,7,5
05PD,lemma,6,1
05PF,theorem,12,3
05PG,theorem,11,3
05PK,lemma,2,2
05Q2,lemma,2,3
05Q3,lemma,2,2
05Q6,lemma,1,1
05Q9,lemma,1,5
05QA,lemma,1,4
05QB,lemma,1,8
05QD,lemma,3,1
05QE,lemma,5,1
05QF,lemma,1,2
05QG,lemma,1,1
05QP,lemma,2,2
05QR,lemma,1,2
05QS,lemma,1,4
05QT,lemma,2,10
05QU,lemma,2,2
05QV,lemma,1,1
05QW,lemma,2,3
05R4,lemma,7,2
05R5,lemma,6,1
05R6,proposition,3,3
05R8,lemma,3,1
05R9,lemma,4,1
05RC,lemma,1,1
05RD,lemma,2,2
05RJ,lemma,1,2
05RK,lemma,2,1
05RM,lemma,4,4
05RS,lemma,1,2
05RT,lemma,2,1
05RV,lemma,1,2
05RW,lemma,2,3
05S0,lemma,2,1
05S1,lemma,2,4
05S5,lemma,2,1
05SC,lemma,9,5
05SD,lemma,8,2
05SE,proposition,8,1
05SI,lemma,1,2
05SM,lemma,2,2
05SQ,lemma,1,1
05SR,lemma,2,1
05SZ,lemma,1,1
05T2,lemma,1,1
05T6,lemma,2,7
05T7,lemma,1,6
05T8,lemma,1,3
05TA,proposition,6,3
05TC,lemma,2,6
05TD,lemma,1,3
05TE,lemma,6,2
05TG,lemma,2,5
05TH,lemma,4,2
05TI,lemma,5,2
05TQ,lemma,1,1
05TR,lemma,2,3
05TT,lemma,2,1
05TU,lemma,2,1
05TV,lemma,2,1
05TW,lemma,5,2
05TX,lemma,2,1
05TY,lemma,4,2
05U7,lemma,3,3
05UA,theorem,2,2
05UC,lemma,11,1
05UD,lemma,5,1
05UE,lemma,1,1
05UF,lemma,5,1
05UG,theorem,11,1
05UI,lemma,1,5
05UJ,lemma,1,2
05UK,lemma,2,1
05UL,lemma,9,4
05UM,lemma,5,3
05UN,lemma,2,4
05US,lemma,1,1
05UT,lemma,1,10
05UU,lemma,2,4
05UV,lemma,2,1
05UY,lemma,3,1
05V1,lemma,6,5
05V3,lemma,1,1
05V5,lemma,3,3
05V7,lemma,3,1
05V8,lemma,1,1
05VB,lemma,2,2
05VC,lemma,3,3
05VD,lemma,4,2
05VH,lemma,6,3
05VJ,lemma,4,1
05VL,lemma,8,3
05VM,lemma,1,4
05VN,lemma,3,6
05VP,lemma,3,5
05VQ,lemma,4,3
05VU,lemma,5,3
05VW,lemma,1,4
05VY,lemma,4,7
05W0,lemma,2,1
05W1,lemma,7,6
05W2,lemma,6,1
05W3,lemma,1,1
05W5,lemma,6,10
05W6,lemma,5,2
05W8,lemma,2,1
05W9,lemma,1,2
05WE,lemma,2,1
05WN,lemma,6,1
05WP,lemma,4,2
05WQ,lemma,1,6
05WR,lemma,4,2
05WS,lemma,1,6
05WT,lemma,1,6
05WV,theorem,4,1
05WY,lemma,6,3
05X0,theorem,2,1
05X2,lemma,2,1
05X3,lemma,1,1
05X8,lemma,3,2
05X9,lemma,6,1
05XA,lemma,5,2
05XB,lemma,2,1
05XC,lemma,6,1
05XD,lemma,3,1
05XK,lemma,1,1
05XN,lemma,1,1
05XP,lemma,1,1
05XQ,lemma,4,4
05XR,lemma,8,3
05XU,lemma,1,1
05XW,lemma,8,2
05Y3,lemma,5,1
05Y4,lemma,1,1
05Y5,lemma,2,1
05Y7,proposition,6,1
05YB,lemma,5,1
05YF,proposition,3,2
05YG,lemma,3,1
05YH,lemma,2,1
05YJ,lemma,2,1
05YP,lemma,1,1
05YQ,proposition,4,1
05YS,lemma,3,1
05YT,lemma,2,2
05YU,proposition,5,5
05YV,lemma,2,1
05YY,lemma,1,1
05Z1,lemma,2,1
05Z2,lemma,5,2
05ZA,lemma,4,1
05ZB,lemma,2,3
05ZD,lemma,2,2
05ZF,lemma,2,1
05ZH,theorem,5,3
05ZN,lemma,3,2
05ZP,lemma,2,1
05ZQ,lemma,3,2
05ZR,lemma,9,5
05ZS,lemma,2,3
05ZW,lemma,2,1
05ZY,lemma,1,1
0603,lemma,2,3
0604,lemma,2,2
0605,lemma,4,2
060A,lemma,1,1
060B,lemma,2,1
060D,lemma,3,4
060E,lemma,4,1
060F,lemma,2,2
060L,lemma,4,1
060M,lemma,1,2
060S,lemma,1,1
060V,lemma,1,2
060Y,lemma,1,1
0610,lemma,1,1
0616,lemma,4,2
061A,lemma,1,3
061C,lemma,3,2
061H,lemma,3,3
061I,lemma,4,1
061J,lemma,5,1
061K,lemma,15,2
061S,lemma,2,5
0625,lemma,1,2
0629,lemma,1,1
062A,lemma,1,1
062B,lemma,2,1
062C,lemma,1,2
062F,lemma,1,7
062G,lemma,1,1
062I,lemma,3,4
062S,lemma,1,3
062U,lemma,3,2
062Y,lemma,9,4
063C,lemma,2,1
063E,lemma,1,3
063F,lemma,1,1
063G,lemma,4,4
063H,lemma,3,2
063I,lemma,4,7
063K,lemma,1,5
063L,lemma,2,3
063M,lemma,2,3
063N,lemma,4,3
063Q,lemma,1,3
063R,lemma,4,2
063T,lemma,2,1
063U,lemma,5,3
063W,lemma,9,4
063Y,lemma,3,5
0642,lemma,1,1
0647,lemma,1,1
0649,lemma,1,1
064B,lemma,1,14
064D,lemma,4,1
064E,lemma,2,1
064K,lemma,1,6
064L,lemma,2,3
064R,lemma,3,12
064T,lemma,3,4
064U,lemma,3,10
064V,lemma,2,2
064W,lemma,3,5
064X,lemma,4,4
064Y,lemma,2,4
064Z,lemma,5,8
0650,lemma,3,6
0653,lemma,1,8
0654,lemma,1,6
0658,lemma,4,15
065D,lemma,4,1
065G,lemma,4,1
065H,lemma,2,1
065L,lemma,1,1
065Q,lemma,1,1
065R,lemma,3,2
065S,lemma,2,1
065V,lemma,2,2
0663,lemma,1,9
0666,lemma,1,3
0667,lemma,2,1
0669,lemma,2,4
066A,lemma,3,6
066B,lemma,4,3
066C,lemma,1,1
066D,lemma,4,3
066E,lemma,4,6
066F,lemma,2,1
066I,lemma,1,1
066J,lemma,1,2
066K,lemma,2,1
066L,lemma,2,3
066M,lemma,1,2
066N,lemma,2,4
066P,lemma,1,4
066Q,lemma,4,3
066R,lemma,3,3
066S,lemma,3,2
066U,lemma,1,2
066W,lemma,3,4
066Y,lemma,3,4
0671,lemma,1,1
0673,lemma,1,3
0674,lemma,1,1
0675,lemma,1,1
0676,lemma,1,1
0679,lemma,2,2
067A,lemma,2,4
067B,lemma,3,4
067D,lemma,2,2
067E,lemma,3,1
067F,lemma,1,2
067I,lemma,1,1
067J,lemma,3,6
067K,lemma,3,1
067L,lemma,1,2
067N,lemma,2,2
067P,lemma,4,3
067Q,lemma,4,6
067R,lemma,7,3
067S,lemma,3,1
067T,lemma,10,1
067U,lemma,2,3
067V,lemma,6,2
067W,lemma,2,1
067Y,lemma,6,1
0680,lemma,1,3
0681,lemma,2,4
0683,lemma,1,2
0684,lemma,1,4
0688,lemma,2,3
0689,lemma,2,3
068A,lemma,2,3
068C,lemma,1,3
068D,lemma,6,1
068M,lemma,2,5
068N,lemma,6,1
068P,lemma,1,1
068Q,lemma,4,2
068R,lemma,4,4
068T,lemma,3,1
068U,lemma,1,5
068V,lemma,4,2
068W,lemma,7,2
068X,lemma,2,3
068Y,lemma,2,4
068Z,lemma,4,3
0690,lemma,4,1
0693,lemma,4,1
0694,lemma,4,3
0695,lemma,1,4
0697,lemma,3,1
0699,lemma,7,1
069C,lemma,4,2
069H,lemma,3,4
069I,lemma,1,1
069J,lemma,4,2
069K,lemma,7,4
069L,lemma,1,1
06A5,lemma,4,1
06A6,lemma,3,1
06A8,lemma,2,1
06A9,lemma,2,2
06AC,lemma,4,3
06AD,lemma,5,3
06AF,lemma,1,1
06AG,lemma,56,1
06B6,lemma,2,1
06B8,lemma,10,1
06B9,lemma,3,1
06BA,lemma,2,1
06BC,lemma,1,1
06BD,lemma,3,1
06BH,lemma,1,1
06BP,lemma,1,1
06C8,lemma,1,1
06C9,lemma,1,1
06CA,lemma,4,1
06CB,lemma,2,1
06CC,lemma,2,1
06CE,lemma,3,1
06CH,lemma,7,1
06CI,lemma,12,1
06CL,lemma,4,2
06CM,lemma,4,1
06CN,lemma,2,2
06CP,lemma,2,1
06CQ,lemma,2,1
06CR,lemma,2,4
06CW,lemma,1,1
06CX,lemma,2,2
06CY,lemma,3,1
06D2,lemma,1,1
06D7,lemma,1,1
06D8,lemma,6,1
06D9,lemma,4,1
06DA,lemma,12,1
06DC,theorem,16,1
06DD,lemma,1,1
06DF,lemma,13,2
06DG,lemma,2,1
06DH,lemma,2,5
06DI,lemma,4,5
06DM,lemma,9,3
06DN,lemma,3,2
06DQ,lemma,2,1
06DU,lemma,6,1
06DV,lemma,2,1
06E0,lemma,3,1
06E1,lemma,8,2
06E2,lemma,1,1
06E3,lemma,1,2
06EB,lemma,3,1
06ED,lemma,2,3
06EF,lemma,6,1
06EH,lemma,1,5
06EI,lemma,1,4
06EK,lemma,4,3
06EV,lemma,3,3
06EW,lemma,3,1
06F5,lemma,3,1
06F9,lemma,1,1
06FA,lemma,2,1
06FD,lemma,5,2
06FE,lemma,2,2
06FF,lemma,9,2
06FH,lemma,4,4
06FI,theorem,2,5
06FT,lemma,2,4
06FU,lemma,2,3
06FV,lemma,1,1
06FX,lemma,6,2
06FZ,lemma,1,3
06G0,lemma,1,3
06G2,lemma,4,3
06G3,lemma,13,2
06G4,lemma,2,7
06G6,lemma,2,3
06GE,lemma,1,5
06GG,lemma,3,2
06GH,lemma,5,2
06GZ,lemma,2,6
06H0,lemma,3,3
06HH,lemma,1,2
06HM,lemma,3,3
06HT,lemma,2,4
06HZ,lemma,1,2
06I8,lemma,1,1
06IA,lemma,2,3
06ID,lemma,1,1
06IE,lemma,1,1
06IH,lemma,4,5
06IJ,lemma,3,4
06IT,lemma,2,2
06IU,lemma,3,2
06IV,lemma,3,1
06IW,lemma,9,4
06IX,theorem,5,2
06J4,lemma,2,1
06J5,lemma,3,4
06J7,lemma,3,6
06JC,lemma,1,2
06JI,lemma,6,2
06JL,lemma,3,1
06JM,theorem,8,1
06JU,lemma,1,3
06JV,lemma,4,2
06JY,lemma,6,1
06JZ,lemma,2,1
06KG,lemma,3,1
06KN,lemma,5,2
06KP,lemma,3,1
06KQ,lemma,4,1
06KR,lemma,1,1
06KT,lemma,2,1
06KU,lemma,1,1
06L1,lemma,4,2
06L2,lemma,6,1
06L3,lemma,2,1
06L4,lemma,1,1
06L5,lemma,6,2
06L6,lemma,1,3
06L7,lemma,6,2
06L8,theorem,7,2
06LC,lemma,2,1
06LE,lemma,7,1
06LH,lemma,4,9
06LI,lemma,11,1
06LJ,lemma,11,13
06LK,lemma,3,6
06LL,lemma,2,2
06LN,lemma,2,3
06LQ,lemma,4,1
06LS,lemma,1,4
06LT,lemma,2,3
06LU,lemma,3,2
06LW,lemma,8,1
06LZ,lemma,12,2
06M1,lemma,4,3
06MB,lemma,4,3
06MD,lemma,4,2
06ME,lemma,3,1
06MF,theorem,15,3
06MG,lemma,4,3
06MH,lemma,2,1
06MI,lemma,2,1
06MJ,lemma,2,2
06MK,lemma,3,1
06MM,lemma,2,3
06MN,lemma,6,2
06MP,lemma,7,4
06MQ,lemma,3,2
06MR,lemma,10,1
06MT,lemma,7,1
06MX,lemma,2,2
06MY,lemma,2,1
06MZ,lemma,2,1
06N0,lemma,22,1
06N2,lemma,3,1
06N5,lemma,1,3
06N6,lemma,1,2
06N7,lemma,3,2
06N8,lemma,3,1
06N9,lemma,1,1
06NB,lemma,3,1
06NC,lemma,1,1
06NF,lemma,3,6
06NH,proposition,12,6
06NJ,lemma,11,4
06NR,lemma,4,2
06NS,lemma,2,1
06NW,lemma,7,5
06P0,lemma,2,1
06P1,lemma,5,8
06P3,lemma,2,1
06P4,lemma,2,1
06P6,lemma,3,1
06PB,lemma,2,1
06PC,lemma,2,1
06PE,lemma,3,2
06PF,lemma,1,1
06PG,lemma,6,3
06PH,lemma,3,1
06PJ,lemma,11,1
06PK,lemma,3,1
06PL,lemma,5,1
06PM,lemma,1,1
06PQ,lemma,2,2
06PR,lemma,1,2
06PX,lemma,2,7
06PY,lemma,2,4
06PZ,lemma,5,4
06Q0,lemma,1,1
06Q3,lemma,2,4
06Q4,lemma,2,3
06Q8,lemma,7,4
06Q9,lemma,1,1
06QA,lemma,8,2
06QE,lemma,1,3
06QF,lemma,2,1
06QG,lemma,6,3
06QH,lemma,5,2
06QI,lemma,8,3
06QJ,proposition,18,2
06QM,lemma,2,2
06QN,lemma,2,1
06QP,lemma,2,2
06QS,proposition,8,4
06QV,lemma,1,2
06QW,lemma,6,1
06QX,lemma,7,2
06QY,lemma,3,1
06R2,lemma,3,2
06R3,lemma,1,1
06R4,lemma,1,1
06R5,lemma,2,2
06R6,lemma,1,1
06R7,lemma,1,1
06R9,lemma,3,1
06RA,lemma,6,1
06RC,proposition,9,2
06RP,lemma,1,1
06RS,lemma,5,5
06RT,lemma,3,4
06RU,lemma,1,2
06RW,lemma,7,6
06RX,lemma,1,2
06RZ,lemma,8,1
06S0,lemma,3,2
06S1,lemma,3,1
06S3,lemma,1,3
06S9,lemma,3,1
06SB,lemma,1,1
06SD,lemma,1,1
06SE,lemma,1,2
06SF,lemma,2,1
06SG,lemma,1,1
06SU,lemma,2,2
06SY,lemma,3,2
06T2,lemma,4,3
06T3,lemma,7,1
06T5,lemma,6,4
06T8,lemma,9,1
06TL,lemma,1,1
06TY,lemma,1,1
06TZ,lemma,1,1
06U7,lemma,1,1
06U8,lemma,1,1
06UB,lemma,2,2
06UC,lemma,6,1
06UD,lemma,7,2
06UE,lemma,7,1
06UL,lemma,1,1
06UQ,lemma,3,1
06UU,lemma,2,1
06UX,lemma,1,4
06V0,lemma,2,1
06V1,lemma,2,1
06V2,lemma,1,5
06V3,lemma,1,7
06V4,lemma,2,3
06V6,lemma,3,1
06V8,lemma,5,3
06VC,lemma,3,1
06VD,lemma,3,1
06VE,lemma,7,3
06VH,lemma,3,1
06VI,lemma,3,7
06VJ,lemma,1,1
06VK,lemma,3,1
06VL,lemma,5,1
06VM,lemma,6,3
06VP,lemma,3,2
06VR,lemma,10,1
06VX,lemma,8,1
06W0,lemma,2,2
06WH,lemma,1,3
06WI,lemma,2,4
06WK,lemma,3,1
06WM,lemma,1,4
06WN,lemma,2,1
06WQ,lemma,4,1
06WR,lemma,4,2
06WT,proposition,5,3
06WV,lemma,3,2
06WX,lemma,1,1
06WY,lemma,5,4
06WZ,lemma,1,2
06X0,lemma,2,1
06X1,lemma,6,6
06X2,lemma,5,3
06X6,lemma,2,1
06XA,lemma,1,1
06XC,lemma,2,1
06XE,proposition,3,3
06XF,lemma,6,3
06XH,lemma,8,9
06XJ,proposition,4,2
06XL,lemma,1,1
06XM,lemma,1,1
06XR,lemma,2,1
06XU,lemma,1,2
06XV,lemma,1,1
06XX,lemma,1,5
06Y0,lemma,1,5
06Y2,lemma,1,1
06Y3,lemma,2,3
06Y4,lemma,4,8
06Y6,lemma,10,1
06Y8,lemma,2,2
06YA,lemma,1,1
06YB,lemma,1,3
06YC,lemma,3,3
06YD,lemma,3,2
06YF,lemma,4,2
06YG,lemma,2,1
06YM,lemma,2,2
06YP,lemma,1,1
06YQ,lemma,1,2
06YS,lemma,4,2
06YT,lemma,2,1
06YW,lemma,4,2
06Z0,lemma,8,35
06Z6,lemma,3,2
06Z7,lemma,9,2
06ZA,lemma,1,1
06ZB,lemma,1,1
06ZG,lemma,12,1
06ZH,lemma,1,1
06ZI,lemma,3,1
06ZJ,lemma,1,3
06ZM,lemma,3,1
06ZS,lemma,4,3
06ZU,lemma,5,1
06ZV,lemma,4,1
06ZW,lemma,1,1
06ZZ,lemma,1,1
0703,lemma,2,1
0708,lemma,1,1
070B,lemma,1,1
070D,lemma,1,1
070E,lemma,2,3
070F,lemma,1,1
070J,lemma,2,3
070M,lemma,6,3
070Q,lemma,2,1
070S,lemma,5,2
070Y,lemma,2,1
0710,lemma,4,1
071B,lemma,2,1
071L,lemma,3,3
071N,lemma,5,1
071Q,lemma,7,16
071S,lemma,1,1
0720,lemma,6,5
0726,lemma,3,1
0728,lemma,4,2
072B,proposition,6,2
072C,lemma,6,2
072D,lemma,4,2
072E,lemma,3,1
072G,proposition,5,2
072Z,lemma,3,2
0730,lemma,2,5
0731,lemma,2,2
0732,lemma,3,4
0734,lemma,3,5
0736,lemma,3,1
0738,lemma,3,6
0739,lemma,5,3
073B,lemma,6,5
073C,lemma,3,1
073E,lemma,2,6
073G,lemma,6,2
073H,lemma,2,7
073K,lemma,7,9
073M,lemma,6,2
0747,theorem,2,5
074A,lemma,2,1
074C,lemma,1,1
074E,lemma,2,3
074F,lemma,3,5
074G,lemma,2,1
074I,lemma,1,1
074K,lemma,2,1
074M,lemma,1,1
074Q,theorem,3,2
074T,theorem,2,3
074U,lemma,2,1
074V,lemma,1,2
074W,lemma,1,1
074Z,theorem,3,2
0750,lemma,2,1
0752,proposition,2,1
0753,lemma,4,1
0755,lemma,1,3
0756,lemma,2,3
0758,lemma,1,1
075B,lemma,1,1
075F,lemma,3,2
075G,lemma,5,4
075H,lemma,3,2
075L,lemma,2,1
075N,lemma,2,1
075P,lemma,2,2
075R,lemma,9,2
075S,lemma,6,1
075V,lemma,2,4
075Y,lemma,5,3
075Z,lemma,5,2
0764,lemma,4,3
0765,lemma,8,1
076M,lemma,3,1
076S,lemma,4,1
076T,lemma,1,2
076V,lemma,8,1
076X,lemma,1,1
076Z,lemma,4,4
0771,proposition,7,7
0774,lemma,4,2
0775,lemma,5,4
0776,lemma,1,2
0778,lemma,4,2
0779,lemma,4,4
077H,lemma,1,1
077J,lemma,2,1
077N,lemma,1,3
077P,proposition,9,4
077T,lemma,1,1
077U,lemma,2,2
077V,proposition,11,3
077Z,lemma,2,1
0780,lemma,4,1
0788,lemma,6,5
0789,lemma,4,3
078A,lemma,1,1
0791,lemma,1,4
0793,lemma,1,2
0794,proposition,4,4
0797,lemma,3,4
079F,proposition,2,2
079G,lemma,1,3
079H,theorem,4,5
079K,lemma,1,2
079L,lemma,4,1
079N,lemma,1,1
079P,theorem,9,14
079T,lemma,2,1
079U,lemma,2,1
079W,lemma,1,4
079Z,lemma,2,3
07A0,lemma,3,2
07A4,lemma,3,3
07A6,lemma,1,6
07A8,lemma,6,1
07AC,lemma,7,4
07AG,lemma,2,1
07AI,lemma,1,2
07AK,lemma,13,2
07AN,lemma,1,2
07AP,lemma,6,1
07AQ,lemma,7,1
07AS,lemma,3,1
07AT,lemma,7,2
07AV,lemma,7,1
07AZ,lemma,7,2
07B0,lemma,8,2
07B1,lemma,7,2
07B3,lemma,8,1
07B8,lemma,3,1
07B9,lemma,9,1
07BA,lemma,2,1
07BC,proposition,3,1
07BP,lemma,1,4
07BS,lemma,1,2
07BT,lemma,4,1
07BU,lemma,6,3
07BV,lemma,1,7
07C0,lemma,2,1
07C1,lemma,3,2
07C3,lemma,4,6
07C6,lemma,5,2
07CA,lemma,6,2
07CE,lemma,5,4
07CF,lemma,3,5
07CG,lemma,3,1
07CH,lemma,7,3
07CI,lemma,2,1
07CK,lemma,4,2
07CL,lemma,2,1
07CM,proposition,3,2
07CP,lemma,4,2
07CR,lemma,7,1
07CT,lemma,3,2
07CW,lemma,1,2
07CX,lemma,1,2
07D1,lemma,2,1
07D2,lemma,2,2
07D3,lemma,3,1
07D4,lemma,2,4
07D5,lemma,2,1
07D7,lemma,1,4
07D8,lemma,1,3
07D9,lemma,2,11
07DT,lemma,5,4
07DW,lemma,1,1
07DX,lemma,3,1
07DY,lemma,1,2
07DZ,lemma,1,1
07E1,lemma,4,3
07E2,lemma,2,1
07E3,lemma,1,1
07E5,proposition,8,3
07E6,lemma,4,1
07EC,lemma,3,6
07ED,lemma,2,6
07EG,lemma,1,4
07EH,lemma,1,1
07EI,lemma,7,1
07EJ,lemma,4,2
07EL,theorem,6,2
07EP,lemma,5,1
07ET,lemma,1,2
07EV,lemma,1,2
07EZ,lemma,10,2
07F0,lemma,2,1
07F4,lemma,2,1
07F5,lemma,10,1
07F8,lemma,2,2
07F9,lemma,3,1
07FA,lemma,1,2
07FD,lemma,3,1
07FE,lemma,9,1
07FG,lemma,2,1
07FH,lemma,7,1
07FI,lemma,3,1
07FJ,lemma,28,1
07GC,theorem,5,4
07GM,lemma,1,2
07GP,lemma,1,2
07GQ,lemma,2,1
07GV,lemma,1,2
07GW,lemma,1,2
07GX,lemma,1,1
07H1,lemma,4,5
07H2,lemma,1,6
07HB,lemma,1,1
07HC,lemma,2,4
07HH,lemma,1,1
07HN,lemma,4,2
07HT,lemma,1,1
07HV,lemma,1,1
07HW,lemma,5,2
07I9,lemma,2,2
07J0,lemma,2,1
07J6,lemma,2,2
07JG,lemma,3,1
07JH,proposition,2,1
07JJ,lemma,4,1
07JK,lemma,9,1
07JL,lemma,1,1
07JM,lemma,1,1
07JN,proposition,8,2
07K2,lemma,1,2
07K4,lemma,3,3
07K6,lemma,1,1
07K7,lemma,4,3
07KD,lemma,3,2
07KE,lemma,1,1
07KL,lemma,1,1
07KM,lemma,2,1
07KQ,lemma,6,2
07KW,lemma,5,7
07KY,lemma,1,2
07L2,lemma,1,2
07L5,lemma,5,1
07L9,lemma,5,1
07LA,lemma,2,2
07LC,lemma,1,1
07LD,lemma,3,2
07LF,lemma,3,1
07LG,proposition,4,2
07LR,lemma,2,1
07LT,proposition,10,3
07LU,lemma,3,1
07LV,lemma,1,2
07LZ,lemma,2,1
07M0,lemma,2,2
07M1,lemma,2,2
07M3,lemma,1,1
07M4,lemma,6,3
07M5,lemma,3,3
07M6,lemma,3,2
07M7,lemma,10,3
07N1,lemma,10,1
07N9,lemma,5,9
07NA,lemma,3,2
07NC,lemma,2,2
07ND,lemma,7,5
07NF,lemma,2,4
07NG,lemma,2,10
07NH,lemma,3,1
07NJ,lemma,1,7
07NL,lemma,3,4
07NN,lemma,3,6
07NP,lemma,7,1
07NQ,proposition,13,3
07NT,lemma,2,3
07NV,lemma,4,9
07NW,lemma,1,2
07NY,lemma,3,10
07NZ,lemma,5,2
07P5,lemma,1,2
07P8,lemma,1,1
07P9,lemma,4,1
07PA,lemma,2,1
07PB,lemma,2,2
07PC,lemma,4,1
07PF,lemma,1,2
07PG,lemma,1,3
07PH,lemma,5,3
07PI,lemma,4,1
07PJ,proposition,5,5
07PL,lemma,1,1
07PM,proposition,10,3
07PP,lemma,2,3
07PR,lemma,5,2
07PS,proposition,6,5
07PT,lemma,3,3
07PU,lemma,6,1
07PV,proposition,9,8
07PX,proposition,2,4
07Q7,lemma,6,1
07QB,lemma,2,1
07QF,lemma,2,1
07QH,lemma,4,2
07QI,lemma,2,3
07QK,lemma,3,2
07QM,lemma,7,8
07QN,lemma,3,1
07QP,lemma,2,4
07QQ,lemma,9,2
07QR,lemma,6,3
07QU,lemma,1,2
07QW,proposition,4,4
07QY,theorem,3,2
07QZ,theorem,4,2
07R4,lemma,4,1
07R8,lemma,3,1
07RD,lemma,1,4
07RK,lemma,3,1
07RL,lemma,2,4
07RM,lemma,8,4
07RN,lemma,7,2
07RP,lemma,2,10
07RQ,lemma,4,1
07RR,lemma,2,4
07RT,lemma,2,7
07RU,lemma,1,4
07RV,lemma,3,2
07RW,lemma,2,4
07RX,lemma,1,3
07RY,lemma,8,5
07RZ,lemma,3,3
07S0,lemma,2,2
07S3,lemma,2,3
07S4,lemma,3,1
07S6,proposition,4,5
07S7,lemma,3,1
07S8,lemma,4,3
07S9,lemma,2,2
07SF,lemma,3,11
07SI,lemma,3,2
07SK,lemma,8,11
07SL,lemma,2,2
07SN,lemma,1,3
07SQ,lemma,7,8
07SR,lemma,3,9
07ST,lemma,4,5
07SU,proposition,17,8
07SY,lemma,4,5
07T8,lemma,1,4
07T9,lemma,2,2
07TB,lemma,2,2
07TC,lemma,2,2
07TD,lemma,4,1
07TG,lemma,2,1
07TH,lemma,2,2
07TJ,lemma,4,1
07TN,lemma,3,1
07TR,lemma,8,1
07TT,lemma,4,1
07TU,lemma,6,1
07TW,lemma,9,4
07TY,lemma,3,3
07TZ,lemma,5,4
07U0,lemma,6,1
07U2,lemma,1,4
07U4,lemma,5,3
07U5,lemma,2,2
07U6,lemma,4,1
07U7,lemma,4,2
07U8,lemma,2,3
07UB,lemma,3,10
07UC,lemma,3,2
07UD,lemma,3,2
07UG,lemma,3,2
07UH,lemma,2,1
07UJ,lemma,3,2
07UK,lemma,3,4
07UL,lemma,3,2
07UM,lemma,3,2
07UP,lemma,2,2
07UQ,lemma,5,3
07UR,lemma,6,2
07US,lemma,1,1
07UT,lemma,9,1
07UV,lemma,4,3
07UW,lemma,5,1
07UZ,lemma,2,2
07V0,lemma,5,4
07V1,lemma,1,1
07V2,lemma,1,2
07V3,lemma,6,1
07V4,lemma,6,2
07V5,lemma,17,1
07V6,proposition,6,3
07V7,lemma,3,5
07V9,lemma,6,6
07VI,lemma,5,6
07VP,lemma,7,3
07VR,lemma,2,2
07VS,lemma,10,2
07VT,proposition,8,5
07VU,lemma,1,2
07VV,lemma,2,2
07VX,lemma,5,4
07W0,lemma,7,1
07W3,lemma,6,1
07W4,lemma,3,3
07W6,lemma,1,1
07WA,lemma,5,1
07WB,lemma,3,2
07WC,lemma,3,1
07WD,lemma,1,1
07WE,lemma,1,1
07WF,lemma,8,1
07WG,lemma,1,1
07WH,lemma,8,1
07WI,lemma,1,3
07WN,lemma,5,1
07WQ,lemma,1,3
07WR,lemma,2,1
07WU,lemma,3,4
07WX,lemma,5,2
07X1,lemma,16,3
07X2,lemma,3,2
07X8,lemma,10,3
07X9,lemma,2,1
07XB,lemma,9,1
07XG,lemma,3,1
07XH,lemma,4,1
07XN,lemma,2,1
07XT,lemma,2,1
07XV,lemma,2,1
07XW,lemma,2,1
07XX,lemma,10,1
07XY,lemma,7,2
07Y1,proposition,5,2
07Y4,lemma,5,2
07YL,lemma,5,1
07YM,lemma,7,1
07YN,lemma,2,2
07YY,lemma,5,3
07YZ,lemma,3,2
07Z5,lemma,1,1
07ZA,lemma,1,9
07ZC,lemma,2,2
07ZD,lemma,4,4
07ZE,lemma,1,2
07ZI,lemma,2,2
07ZJ,lemma,2,1
07ZK,lemma,2,4
07ZP,lemma,6,5
07ZQ,lemma,1,1
07ZT,lemma,1,2
07ZU,lemma,4,4
07ZV,lemma,2,2
07ZX,lemma,4,2
07ZY,lemma,3,2
07ZZ,lemma,4,3
0800,lemma,9,1
0801,lemma,6,4
0802,lemma,3,2
0803,lemma,3,2
0804,lemma,2,11
0805,lemma,2,4
0806,lemma,5,7
0807,lemma,1,3
0808,lemma,2,1
0809,lemma,2,3
080A,lemma,4,4
080B,lemma,7,1
080E,lemma,6,3
080F,lemma,2,3
080G,lemma,3,4
080H,lemma,3,2
080I,lemma,1,2
080N,lemma,1,1
080P,lemma,2,2
080Q,lemma,5,3
080U,lemma,1,2
080W,lemma,1,2
080Z,lemma,2,2
0810,lemma,9,1
0811,lemma,7,1
0812,lemma,3,1
0813,lemma,2,1
0814,lemma,10,1
0815,theorem,9,2
0817,lemma,5,3
0818,lemma,3,2
0819,lemma,1,1
081B,lemma,1,3
081E,lemma,4,2
081F,lemma,8,7
081G,lemma,5,2
081H,lemma,2,2
081I,lemma,1,5
081K,lemma,1,1
081L,lemma,4,3
081M,lemma,7,2
081N,lemma,4,3
081P,lemma,1,3
081R,lemma,5,2
081S,lemma,3,1
081T,lemma,2,2
081U,lemma,3,1
081V,lemma,5,5
081Z,lemma,4,2
0820,lemma,2,1
0823,lemma,5,1
0825,lemma,2,1
0827,lemma,2,7
0828,lemma,6,5
0829,lemma,1,10
082A,lemma,2,1
082B,lemma,1,1
082C,lemma,5,2
082E,lemma,2,1
082F,lemma,4,1
082H,lemma,10,3
082I,lemma,9,1
082J,lemma,2,1
082K,lemma,6,1
082P,lemma,4,2
082T,lemma,1,3
082U,lemma,2,1
082V,lemma,4,1
082X,lemma,2,2
082Z,lemma,2,12
0830,lemma,1,3
0832,lemma,2,1
0833,lemma,2,1
0836,lemma,1,1
083C,lemma,2,5
083D,lemma,3,1
083H,lemma,2,1
083I,lemma,2,2
083J,lemma,3,2
083K,lemma,4,1
083M,lemma,9,1
083R,lemma,4,7
083S,lemma,3,4
083W,lemma,2,1
084B,lemma,6,1
084E,lemma,2,2
084P,lemma,3,4
084Q,lemma,3,2
084S,lemma,1,1
084T,lemma,2,3
084X,lemma,4,1
084Z,lemma,3,1
0850,lemma,3,2
0851,lemma,1,5
0852,lemma,4,1
0853,lemma,2,3
0855,lemma,6,2
0856,lemma,1,1
0859,lemma,1,2
085C,lemma,2,1
085D,lemma,1,1
085H,lemma,1,1
085J,lemma,1,2
085L,lemma,4,2
085M,lemma,5,1
085N,lemma,6,1
085R,lemma,3,3
085S,lemma,2,5
085T,lemma,2,6
085U,lemma,5,4
085V,lemma,1,1
085X,lemma,2,1
085Y,lemma,4,3
085Z,lemma,4,1
0860,lemma,7,1
0863,lemma,2,7
0865,lemma,2,1
0866,lemma,2,1
0868,lemma,2,1
086C,lemma,1,2
086J,lemma,1,3
086K,lemma,1,4
086L,lemma,1,1
086M,lemma,4,1
086N,lemma,2,1
086Q,lemma,5,1
086R,lemma,1,2
086S,lemma,4,1
086T,lemma,2,2
086U,theorem,4,4
086V,lemma,4,1
086W,lemma,1,1
086X,lemma,1,1
086Y,lemma,2,1
086Z,lemma,2,2
0870,lemma,2,1
0871,lemma,4,1
0872,lemma,10,1
0873,proposition,4,4
0874,lemma,3,1
0876,lemma,2,1
0877,lemma,2,1
0878,lemma,4,2
0879,lemma,6,1
087B,lemma,7,1
087C,theorem,7,1
087E,lemma,4,2
087F,lemma,5,2
087G,lemma,1,3
087P,lemma,3,1
087S,lemma,6,4
087T,lemma,3,9
087U,lemma,3,1
087W,lemma,3,7
087X,lemma,4,3
087Y,lemma,2,2
087Z,lemma,1,1
0881,lemma,2,3
0882,lemma,3,2
0883,lemma,4,3
0884,lemma,2,1
0885,lemma,6,3
0887,lemma,1,1
0889,lemma,4,2
088A,lemma,4,1
088B,lemma,10,3
088C,proposition,9,2
088E,theorem,12,1
088G,lemma,3,3
088N,lemma,7,1
088Q,lemma,6,1
088R,lemma,5,1
088S,lemma,2,2
088U,lemma,10,2
088Y,lemma,1,1
088Z,lemma,1,2
0890,lemma,2,2
0891,lemma,1,2
0892,lemma,7,8
0893,lemma,3,1
0896,lemma,7,3
0897,lemma,11,3
0899,lemma,3,2
089A,theorem,6,1
089B,lemma,2,1
089C,lemma,3,2
089D,lemma,3,1
089E,lemma,5,2
089F,lemma,4,2
089G,lemma,15,1
089J,lemma,13,4
089P,lemma,4,2
089Q,lemma,1,1
089W,lemma,2,16
089Z,lemma,4,3
08A0,lemma,5,6
08A4,lemma,1,3
08A5,lemma,2,1
08A6,lemma,3,1
08A7,lemma,4,2
08AB,lemma,1,2
08AC,lemma,6,1
08AH,lemma,2,1
08AJ,lemma,1,6
08AL,lemma,5,1
08AM,lemma,3,2
08AN,lemma,3,1
08AQ,lemma,2,1
08AR,lemma,21,9
08AS,lemma,5,2
08AT,lemma,9,1
08AW,lemma,1,1
08AX,lemma,1,1
08AY,lemma,2,2
08AZ,theorem,2,2
08B0,lemma,3,1
08B1,lemma,4,3
08B2,lemma,2,2
08B5,lemma,2,1
08B6,lemma,1,1
08B9,lemma,3,1
08BB,lemma,1,1
08BC,lemma,4,1
08BD,lemma,2,1
08BE,theorem,13,3
08BG,lemma,3,1
08BK,lemma,1,1
08BL,lemma,1,1
08BN,lemma,7,1
08BS,lemma,1,7
08BT,lemma,3,1
08BU,lemma,3,1
08BW,lemma,3,4
08C2,lemma,4,1
08C6,lemma,1,2
08C7,lemma,1,1
08C8,lemma,1,2
08C9,lemma,1,4
08CC,lemma,1,4
08CD,lemma,5,9
08CE,lemma,2,2
08CH,lemma,1,2
08CI,lemma,3,3
08CN,lemma,1,2
08CP,lemma,2,1
08CQ,lemma,3,8
08CR,lemma,5,2
08D0,lemma,3,1
08D1,lemma,1,1
08D2,lemma,2,3
08D3,lemma,2,1
08D4,lemma,5,4
08D5,lemma,5,8
08D7,lemma,4,2
08D8,lemma,5,1
08D9,lemma,2,2
08DB,proposition,5,2
08DD,proposition,3,2
08DF,lemma,1,4
08DG,lemma,1,4
08DJ,lemma,4,1
08DK,lemma,2,4
08DL,lemma,1,1
08DM,lemma,2,5
08DN,lemma,1,5
08DQ,lemma,4,6
08DR,lemma,1,10
08DT,lemma,2,1
08DV,lemma,3,2
08DW,lemma,2,3
08DX,lemma,2,5
08DZ,lemma,3,4
08E2,lemma,4,3
08E3,lemma,4,2
08E7,lemma,4,13
08E8,lemma,4,5
08E9,lemma,3,5
08EA,lemma,3,2
08EB,lemma,4,11
08ED,lemma,1,1
08EE,lemma,7,2
08EF,lemma,4,1
08EG,lemma,6,1
08EH,lemma,5,6
08EI,lemma,2,1
08EJ,lemma,4,1
08EK,lemma,5,4
08EP,lemma,2,1
08EQ,lemma,7,3
08ER,lemma,8,1
08ES,theorem,3,1
08EU,lemma,3,11
08EV,lemma,7,3
08EX,lemma,4,1
08F2,lemma,1,3
08F4,lemma,2,2
08F5,lemma,2,2
08F6,lemma,3,1
08F7,lemma,5,1
08FA,lemma,6,5
08FB,lemma,3,2
08FC,lemma,1,1
08FD,lemma,1,1
08FE,lemma,2,1
08FI,lemma,1,6
08FJ,lemma,3,1
08FN,lemma,1,2
08FP,lemma,1,1
08FQ,lemma,1,2
08FR,lemma,1,4
08FU,lemma,2,5
08FV,lemma,5,4
08FW,lemma,2,1
08FX,lemma,2,1
08G0,lemma,1,1
08G1,lemma,3,2
08G6,lemma,1,1
08G7,lemma,2,1
08G8,lemma,3,6
08G9,lemma,5,1
08GB,lemma,3,1
08GE,lemma,2,3
08GG,lemma,6,6
08GK,lemma,4,1
08GP,lemma,3,8
08GQ,lemma,1,2
08GV,lemma,6,3
08GW,lemma,7,2
08GY,lemma,4,1
08GZ,lemma,5,1
08H0,lemma,2,1
08H1,proposition,9,1
08H2,lemma,1,1
08H3,lemma,1,1
08H4,lemma,6,3
08H5,lemma,2,2
08H6,lemma,3,1
08H8,lemma,7,6
08H9,lemma,3,2
08HA,lemma,1,1
08HB,lemma,4,3
08HD,lemma,2,2
08HE,lemma,6,7
08HF,lemma,3,2
08HG,lemma,5,9
08HK,lemma,2,3
08HL,lemma,3,1
08HM,lemma,6,2
08HN,lemma,13,1
08HP,theorem,3,2
08HQ,lemma,2,3
08HR,lemma,1,4
08HS,lemma,3,2
08HT,lemma,1,4
08HU,lemma,4,2
08HV,lemma,3,2
08HW,lemma,2,2
08HX,lemma,2,3
08HZ,lemma,5,1
08I1,lemma,2,1
08I5,lemma,3,2
08I8,lemma,1,2
08I9,lemma,3,3
08IB,lemma,9,3
08ID,lemma,2,2
08IE,lemma,3,1
08IH,lemma,2,4
08II,lemma,3,1
08IJ,lemma,4,1
08IK,lemma,9,1
08IL,lemma,5,1
08IN,lemma,6,3
08IQ,lemma,8,2
08IS,lemma,6,1
08IV,lemma,2,1
08IY,lemma,5,1
08J1,lemma,4,1
08J9,lemma,4,1
08JA,lemma,2,3
08JB,lemma,1,2
08JD,lemma,2,1
08JH,lemma,2,1
08JI,lemma,3,1
08JJ,lemma,4,5
08JK,lemma,5,1
08JN,lemma,2,3
08JP,lemma,8,1
08JQ,lemma,3,2
08JR,lemma,3,3
08JV,lemma,2,1
08JX,lemma,19,1
08JY,lemma,6,1
08JZ,lemma,1,4
08K0,lemma,2,5
08K1,lemma,8,2
08K2,lemma,5,4
08K3,lemma,2,1
08K6,proposition,13,2
08K9,proposition,3,1
08KC,lemma,8,1
08KD,lemma,4,1
08KM,lemma,2,1
08KP,lemma,5,3
08KQ,lemma,12,1
08KS,lemma,2,4
08KV,lemma,4,1
08L5,lemma,1,1
08L7,lemma,2,2
08L8,lemma,3,1
08LH,lemma,2,2
08LI,lemma,5,5
08LJ,lemma,2,1
08LM,lemma,2,1
08LN,lemma,2,1
08LQ,lemma,3,2
08LY,lemma,3,1
08M1,lemma,3,1
08M3,lemma,2,2
08M4,lemma,2,2
08MC,lemma,1,1
08ME,lemma,2,2
08MF,lemma,3,1
08MP,lemma,2,2
08MQ,lemma,1,6
08MR,lemma,2,1
08MU,lemma,2,2
08MV,lemma,2,2
08N2,lemma,1,1
08N4,lemma,3,3
08N5,lemma,1,2
08N6,lemma,1,1
08ND,lemma,3,1
08NH,lemma,8,2
08NI,lemma,1,1
08NJ,lemma,4,2
08NM,lemma,2,1
08NN,lemma,1,3
08NS,lemma,1,4
08P3,lemma,3,1
08P9,lemma,3,1
08PB,lemma,1,1
08PC,lemma,10,1
08PE,lemma,2,2
08PI,lemma,4,1
08PJ,lemma,8,3
08PK,lemma,6,1
08PS,lemma,4,3
08PT,lemma,3,1
08PU,lemma,2,7
08PW,lemma,5,1
08PX,proposition,6,1
08PY,lemma,2,1
08PZ,lemma,2,1
08Q1,lemma,1,1
08Q2,lemma,2,3
08Q4,lemma,1,2
08Q5,lemma,1,1
08Q7,lemma,1,1
08Q9,lemma,6,5
08QA,lemma,1,2
08QB,lemma,1,1
08QC,lemma,4,1
08QE,lemma,1,2
08QF,lemma,4,4
08QG,lemma,1,2
08QH,lemma,2,7
08QJ,lemma,2,2
08QK,lemma,2,1
08QP,lemma,2,2
08QQ,lemma,4,5
08QU,lemma,2,1
08QV,lemma,6,1
08QW,lemma,5,1
08QZ,lemma,3,2
08R0,lemma,2,1
08R1,lemma,3,1
08R2,lemma,5,5
08R3,lemma,1,2
08RA,lemma,3,3
08RB,lemma,8,3
08RD,lemma,1,1
08RF,theorem,10,1
08RK,lemma,1,3
08RQ,lemma,1,1
08RR,lemma,1,2
08RX,lemma,3,2
08S2,lemma,6,10
08S5,lemma,1,5
08S7,lemma,3,2
08S8,lemma,2,1
08S9,lemma,1,1
08SA,lemma,3,1
08SC,lemma,2,1
08SF,lemma,2,1
08SI,lemma,5,1
08SK,lemma,2,1
08SW,lemma,1,2
08SY,lemma,2,1
08SZ,lemma,3,2
08T0,lemma,1,5
08T3,lemma,6,1
08T4,lemma,2,2
08TD,lemma,2,1
08TE,lemma,4,4
08TL,lemma,3,2
08TM,lemma,1,1
08TP,lemma,2,5
08TQ,lemma,1,3
08TS,lemma,3,1
08TY,lemma,4,2
08TZ,lemma,1,1
08U1,lemma,5,7
08U2,lemma,4,3
08U3,lemma,4,5
08U8,lemma,6,4
08UB,lemma,1,1
08UC,lemma,3,2
08UD,lemma,2,1
08UG,lemma,6,3
08UJ,lemma,1,1
08UK,lemma,3,2
08UL,lemma,2,1
08UN,lemma,2,1
08UR,lemma,3,2
08US,lemma,3,2
08UV,lemma,1,1
08UW,lemma,1,1
08V0,lemma,1,1
08V1,lemma,2,2
08V2,lemma,1,1
08V6,lemma,3,1
08VF,lemma,9,1
08VG,lemma,5,1
08VP,lemma,2,1
08VU,lemma,2,1
08VW,lemma,3,2
08VY,lemma,3,2
08W6,lemma,2,2
08W7,lemma,1,1
08W8,lemma,9,1
08W9,lemma,4,1
08WA,lemma,7,2
08WC,theorem,15,1
08WD,lemma,3,1
08WR,lemma,2,4
08WU,lemma,2,2
08WZ,lemma,2,1
08X7,lemma,6,1
08XA,theorem,2,2
08XC,lemma,2,1
08XL,lemma,1,1
08XQ,lemma,1,2
08XR,lemma,1,3
08XS,lemma,1,3
08XU,lemma,3,2
08XV,lemma,1,2
08XW,lemma,1,2
08Y4,lemma,1,3
08Y7,lemma,2,1
08Y8,lemma,3,1
08Y9,lemma,1,1
08YA,proposition,5,1
08YC,lemma,2,1
08YD,lemma,4,4
08YE,lemma,1,11
08YL,lemma,4,2
08YM,lemma,2,2
08YN,proposition,2,2
08YR,lemma,1,5
08YS,lemma,1,3
08YU,lemma,8,5
08YV,lemma,1,3
08YX,lemma,1,2
08YY,lemma,1,2
08Z2,lemma,1,1
08Z3,lemma,1,2
08Z4,lemma,2,5
08Z6,lemma,2,2
08Z7,lemma,3,1
08Z8,lemma,3,1
08Z9,proposition,2,3
08ZF,lemma,1,1
08ZG,lemma,1,1
08ZH,lemma,1,2
08ZL,lemma,1,2
08ZM,lemma,2,1
08ZN,lemma,3,1
08ZR,lemma,2,1
08ZT,lemma,2,3
08ZU,theorem,1,2
08ZV,lemma,3,3
08ZY,lemma,4,6
08ZZ,lemma,1,3
0900,lemma,6,2
0901,lemma,1,13
0902,lemma,3,9
0903,lemma,4,5
0905,lemma,3,4
0906,lemma,2,3
090D,lemma,6,3
090M,lemma,2,6
090N,lemma,2,2
090P,lemma,2,1
090Q,lemma,1,4
090R,lemma,1,9
090V,proposition,4,2
090W,lemma,8,1
090X,lemma,2,2
0911,lemma,1,2
0912,lemma,3,3
0913,lemma,1,6
0915,lemma,1,2
0917,lemma,1,1
0918,lemma,1,2
091B,lemma,2,3
091C,lemma,2,1
091D,lemma,1,4
091F,lemma,1,1
091G,lemma,2,1
091K,lemma,1,2
091L,lemma,1,1
091M,lemma,3,2
091P,lemma,3,7
091Q,lemma,2,1
091R,lemma,2,2
091T,proposition,1,2
091U,lemma,2,3
091V,lemma,3,6
091Y,lemma,2,1
0920,lemma,4,4
0921,lemma,3,3
0922,proposition,3,3
0927,lemma,1,1
092E,lemma,2,3
092F,lemma,9,3
092G,lemma,2,1
092H,lemma,1,4
092I,lemma,5,2
092J,lemma,2,2
092K,lemma,1,2
092L,lemma,1,3
092M,lemma,4,2
092N,lemma,5,4
092P,lemma,3,1
092Q,lemma,8,2
092R,lemma,3,2
092S,lemma,10,3
092T,lemma,3,1
092U,lemma,4,1
092V,lemma,3,1
092W,lemma,6,1
092X,lemma,3,1
092Y,lemma,1,3
092Z,theorem,7,3
0930,lemma,1,1
0932,lemma,1,2
0934,lemma,1,5
0935,lemma,2,3
0936,lemma,1,1
093B,lemma,2,2
093C,lemma,2,2
093E,lemma,2,1
093F,lemma,1,2
093G,lemma,3,1
093K,lemma,1,2
093L,lemma,2,1
093M,lemma,8,1
093N,lemma,3,3
093T,lemma,1,2
093U,lemma,2,5
093X,lemma,4,2
093Y,lemma,1,1
093Z,lemma,1,1
0941,lemma,4,1
0944,lemma,1,2
0946,lemma,2,4
0947,proposition,7,3
0949,lemma,4,2
094A,lemma,1,3
094B,lemma,7,1
094D,lemma,1,1
094G,lemma,4,2
094H,lemma,1,1
094I,lemma,3,1
094K,lemma,5,1
094L,lemma,4,8
094M,lemma,1,1
094Q,lemma,2,1
094R,lemma,1,1
094S,lemma,2,2
094T,lemma,2,1
094U,lemma,1,1
094X,lemma,2,1
094Z,lemma,8,2
0954,lemma,1,3
0955,lemma,5,4
0956,lemma,2,2
0957,lemma,2,1
0959,lemma,4,6
095A,lemma,1,1
095B,lemma,1,1
095C,lemma,1,1
095D,lemma,1,1
095E,lemma,4,6
095F,lemma,1,3
095G,lemma,3,3
095H,lemma,3,1
095I,lemma,1,1
095K,lemma,6,2
095L,lemma,2,1
095N,lemma,5,4
095P,lemma,4,3
095Q,lemma,7,2
095R,lemma,6,2
095T,theorem,6,1
095Z,lemma,2,1
0960,lemma,1,1
0961,lemma,2,1
0968,lemma,9,1
096C,lemma,7,4
096L,lemma,1,3
0975,lemma,1,5
0977,lemma,1,1
0978,lemma,6,2
0979,lemma,4,1
097A,lemma,2,3
097C,lemma,1,2
097D,lemma,5,4
097E,lemma,3,2
097F,lemma,5,1
097G,proposition,5,2
097L,lemma,1,1
097M,lemma,1,1
097P,lemma,7,1
097R,lemma,3,1
097V,lemma,5,2
097X,lemma,4,2
097Z,proposition,5,5
0982,lemma,4,2
0983,proposition,5,2
0985,lemma,3,1
0986,lemma,3,1
098A,lemma,1,4
098B,lemma,3,1
098C,lemma,4,1
098F,lemma,2,2
098H,lemma,3,1
098I,lemma,8,4
098J,lemma,2,1
098M,lemma,2,3
098N,lemma,3,1
098P,lemma,3,2
098S,lemma,5,1
098T,lemma,4,1
098W,lemma,2,2
098X,lemma,4,2
0990,lemma,1,1
0996,lemma,4,2
0997,lemma,2,3
0998,lemma,2,1
099B,lemma,1,2
099D,lemma,3,1
099E,lemma,3,2
099F,proposition,2,3
099H,lemma,3,1
099J,lemma,5,3
099K,lemma,2,1
099M,lemma,2,4
099N,lemma,5,1
099Q,proposition,9,3
099S,lemma,3,4
099T,lemma,1,4
099U,lemma,7,1
099V,lemma,4,2
099X,lemma,4,1
099Y,lemma,3,2
09A1,lemma,4,1
09A2,lemma,3,1
09A6,lemma,4,3
09A8,lemma,2,1
09AA,lemma,2,1
09AB,lemma,3,1
09AC,lemma,1,1
09AF,lemma,1,1
09AG,lemma,2,1
09AH,lemma,5,2
09AK,lemma,5,3
09AL,lemma,5,2
09AR,lemma,4,3
09AV,lemma,4,1
09AW,lemma,4,2
09AX,lemma,2,2
09AZ,lemma,9,2
09B1,lemma,4,5
09B5,lemma,3,2
09B8,lemma,2,4
09B9,lemma,1,1
09BB,lemma,3,2
09BC,lemma,2,2
09BD,lemma,1,1
09BE,lemma,2,2
09BH,proposition,2,3
09BI,lemma,2,1
09BK,lemma,1,1
09BL,lemma,13,2
09BQ,lemma,2,1
09BR,lemma,2,1
09BU,lemma,4,1
09BV,lemma,4,1
09BW,lemma,4,1
09BY,lemma,1,2
09BZ,lemma,3,1
09C2,lemma,4,2
09C5,lemma,4,1
09C6,lemma,7,1
09CC,lemma,3,8
09CG,lemma,8,1
09CN,lemma,3,1
09CT,lemma,1,1
09CV,lemma,2,1
09DA,lemma,1,1
09DB,lemma,3,1
09DM,lemma,4,1
09DQ,lemma,2,1
09DR,lemma,10,1
09DS,theorem,3,1
09DT,lemma,2,4
09DW,theorem,5,1
09E0,lemma,1,1
09E2,lemma,2,1
09E5,lemma,3,2
09E7,lemma,2,5
09EA,lemma,1,4
09EB,lemma,1,2
09ED,lemma,2,3
09EE,lemma,6,2
09EF,lemma,8,2
09EG,lemma,2,1
09EH,lemma,9,1
09EJ,lemma,3,1
09EQ,lemma,1,5
09ES,lemma,2,3
09ET,lemma,3,1
09EW,lemma,1,3
09EY,lemma,6,1
09EZ,lemma,1,2
09F0,lemma,2,1
09F1,lemma,5,2
09F3,lemma,2,1
09F4,lemma,4,1
09F5,lemma,7,1
09F8,lemma,15,1
09F9,theorem,12,1
09GG,lemma,2,3
09GH,lemma,1,3
09GJ,lemma,2,1
09GN,lemma,2,3
09GR,lemma,1,3
09GT,theorem,4,1
09GU,lemma,1,5
09H2,lemma,1,4
09H3,lemma,1,1
09H8,lemma,2,2
09H9,lemma,3,2
09HA,lemma,2,2
09HB,lemma,2,1
09HC,lemma,2,1
09HI,lemma,2,2
09HJ,lemma,4,2
09HK,lemma,2,1
09HQ,lemma,2,4
09HS,lemma,1,3
09I1,lemma,1,3
09I2,lemma,2,2
09I3,lemma,4,2
09IG,lemma,5,4
09IH,lemma,3,1
09II,proposition,5,3
09IL,theorem,11,3
09IM,lemma,3,3
09IQ,lemma,1,1
09IR,lemma,3,4
09IS,theorem,6,6
09IT,lemma,4,1
09IV,lemma,7,2
09IX,lemma,1,1
09IY,theorem,8,1
09J1,lemma,1,5
09J7,lemma,3,2
09JC,lemma,3,2
09JJ,lemma,1,2
09JR,lemma,1,1
09JU,lemma,2,2
09JW,lemma,1,2
09JX,lemma,1,1
09JY,lemma,1,1
09K3,lemma,1,1
09KE,lemma,2,1
09KF,lemma,5,1
09KJ,proposition,3,3
09KM,lemma,4,1
09KP,lemma,3,6
09KR,lemma,1,1
09KS,lemma,4,1
09KT,lemma,4,1
09KU,lemma,3,2
09KY,lemma,2,11
09LI,lemma,3,2
09LS,lemma,3,5
09LT,lemma,2,4
09LX,lemma,3,2
09LY,lemma,2,3
09LZ,lemma,2,2
09M1,proposition,5,3
09M3,lemma,1,1
09M4,lemma,4,1
09M5,theorem,10,1
09M8,proposition,6,1
09MA,lemma,1,1
09MB,lemma,4,1
09ME,lemma,1,3
09MP,lemma,2,4
09MQ,lemma,2,5
09MR,lemma,6,1
09MS,lemma,7,3
09MT,lemma,4,2
09MV,lemma,8,1
09MW,lemma,10,1
09N0,lemma,2,1
09N2,lemma,3,3
09N3,lemma,5,1
09N4,lemma,1,1
09N5,lemma,2,1
09N8,lemma,4,1
09NB,lemma,1,2
09NC,lemma,1,1
09ND,lemma,2,1
09NE,lemma,1,1
09NI,lemma,6,1
09NJ,lemma,4,1
09NK,lemma,1,1
09NL,lemma,1,3
09NM,lemma,4,1
09NN,proposition,2,1
09NP,lemma,3,1
09NS,lemma,8,2
09NU,lemma,3,4
09NV,lemma,3,3
09NX,lemma,8,1
09NY,lemma,3,2
09NZ,proposition,3,1
09P7,lemma,1,3
09PC,lemma,3,1
09PL,lemma,2,1
09PN,lemma,3,3
09PT,lemma,1,1
09PU,lemma,3,1
09PV,lemma,1,1
09PW,lemma,3,2
09PX,lemma,7,3
09Q0,lemma,4,2
09Q1,lemma,6,2
09Q2,proposition,9,2
09Q4,lemma,3,1
09Q6,lemma,4,1
09Q7,lemma,1,2
09Q8,lemma,5,1
09QA,lemma,10,1
09QB,proposition,4,1
09QD,lemma,1,1
09QE,lemma,3,1
09QH,lemma,3,1
09QI,lemma,5,1
09QK,lemma,1,2
09QM,lemma,1,2
09QN,lemma,1,1
09QP,lemma,1,1
09QS,lemma,1,1
09QT,lemma,2,1
09QU,lemma,6,1
09QW,lemma,4,1
09QX,lemma,2,1
09R3,proposition,8,2
09R9,lemma,2,2
09RA,lemma,1,1
09RB,lemma,8,1
09RE,lemma,7,2
09RF,lemma,6,3
09RI,lemma,7,1
09RR,lemma,1,1
09RY,lemma,3,1
09S3,lemma,2,1
09S4,lemma,1,2
09S6,lemma,4,4
09S7,lemma,3,2
09S8,lemma,3,1
09SA,proposition,6,1
09SH,lemma,2,2
09SK,lemma,1,3
09SR,proposition,4,2
09SX,lemma,1,2
09SY,lemma,2,2
09SZ,lemma,2,1
09T0,lemma,2,1
09T2,lemma,2,1
09T3,lemma,9,1
09T5,lemma,3,8
09TF,lemma,2,1
09TI,lemma,3,1
09TJ,lemma,2,1
09TL,lemma,5,1
09TM,lemma,7,1
09TP,lemma,2,1
09U7,lemma,4,4
09U8,lemma,2,4
09U9,lemma,3,3
09UA,lemma,3,1
09UB,lemma,1,1
09UD,lemma,4,1
09UE,lemma,4,1
09UJ,lemma,5,5
09UK,lemma,3,1
09UL,lemma,2,1
09UR,lemma,2,2
09UT,lemma,3,1
09UV,lemma,2,2
09UW,lemma,1,2
09UX,lemma,1,1
09V1,lemma,2,1
09V2,lemma,3,1
09V3,lemma,5,1
09V5,lemma,3,2
09V7,lemma,2,1
09V8,lemma,2,2
09VA,lemma,3,5
09VC,lemma,3,2
09VD,lemma,2,2
09VE,lemma,2,1
09VF,lemma,2,1
09VH,lemma,2,1
09VN,lemma,4,1
09VP,lemma,3,1
09VW,lemma,3,3
09VX,lemma,4,1
09W0,lemma,8,3
09W1,lemma,2,1
09W5,lemma,4,1
09W6,lemma,7,1
09W9,lemma,2,1
09WD,lemma,1,1
09WG,lemma,4,3
09WH,lemma,2,1
09WI,lemma,5,1
09WJ,lemma,6,2
09WR,lemma,1,2
09WV,lemma,1,2
09WW,lemma,3,1
09X3,lemma,6,2
09X4,lemma,7,1
09X5,lemma,1,1
09X6,lemma,5,1
09X7,lemma,6,1
09X9,lemma,1,1
09XB,lemma,6,1
09XC,lemma,2,1
09XF,lemma,1,2
09XG,lemma,3,1
09XH,lemma,6,2
09XI,lemma,6,9
09XK,lemma,1,8
09XM,lemma,2,1
09XN,lemma,6,1
09XU,lemma,3,1
09XV,lemma,2,2
09XW,lemma,4,1
09XX,lemma,2,1
09Y4,lemma,1,3
09Y6,lemma,2,4
09Y9,lemma,4,2
09YA,lemma,2,1
09YB,lemma,4,1
09YC,proposition,5,1
09YD,lemma,1,3
09YF,lemma,1,1
09YG,lemma,1,1
09YH,lemma,1,2
09YI,lemma,2,2
09YJ,lemma,4,2
09YL,lemma,2,1
09YN,lemma,2,2
09YP,lemma,7,1
09YQ,theorem,7,5
09YS,lemma,2,2
09YT,lemma,1,1
09YU,lemma,7,1
09YV,lemma,2,1
09YX,lemma,2,1
09YY,lemma,2,1
09YZ,lemma,2,3
09Z0,lemma,7,1
09Z1,lemma,2,2
09Z4,lemma,4,1
09Z5,lemma,2,1
09Z6,lemma,9,1
09Z7,lemma,4,2
09Z9,lemma,7,2
09ZA,lemma,2,1
09ZB,lemma,3,1
09ZC,lemma,5,1
09ZD,lemma,3,1
09ZE,lemma,8,1
09ZF,lemma,2,2
09ZG,lemma,8,2
09ZH,lemma,5,1
09ZI,theorem,2,1
09ZL,lemma,9,4
09ZM,lemma,2,2
09ZN,lemma,5,3
09ZP,lemma,2,2
09ZQ,lemma,4,3
09ZR,lemma,7,1
09ZS,lemma,1,2
09ZT,lemma,3,1
09ZV,lemma,4,3
09ZW,lemma,17,3
09ZY,lemma,4,3
09ZZ,lemma,12,1
0A02,lemma,6,7
0A04,lemma,1,2
0A06,lemma,5,4
0A07,lemma,4,3
0A0A,lemma,2,1
0A0B,lemma,6,1
0A0C,lemma,2,1
0A0E,lemma,3,3
0A0G,lemma,6,3
0A0J,lemma,3,2
0A0K,lemma,5,2
0A0N,lemma,2,2
0A0P,lemma,4,2
0A0Q,lemma,6,2
0A0T,lemma,3,1
0A0U,lemma,1,1
0A0W,lemma,9,1
0A0X,lemma,4,1
0A11,lemma,3,1
0A12,lemma,3,1
0A13,lemma,1,1
0A15,lemma,1,1
0A16,lemma,1,1
0A17,lemma,7,1
0A19,lemma,5,2
0A1A,lemma,4,1
0A1B,theorem,5,1
0A1C,theorem,11,1
0A1D,lemma,8,3
0A1F,lemma,4,2
0A1H,lemma,7,1
0A1K,lemma,8,2
0A1M,lemma,4,2
0A1S,lemma,2,4
0A1U,lemma,3,2
0A21,lemma,24,10
0A24,lemma,2,1
0A25,lemma,3,2
0A26,lemma,2,6
0A27,lemma,6,2
0A2C,lemma,1,1
0A2F,lemma,2,1
0A2G,lemma,2,1
0A2Q,lemma,1,1
0A2R,lemma,2,1
0A2S,lemma,4,1
0A2V,lemma,5,1
0A2W,lemma,3,2
0A2X,lemma,1,1
0A2Y,lemma,1,2
0A2Z,lemma,4,5
0A30,lemma,2,3
0A31,lemma,4,6
0A32,lemma,3,2
0A33,lemma,3,1
0A36,lemma,1,1
0A37,lemma,8,2
0A3D,lemma,4,1
0A3F,lemma,2,2
0A3G,proposition,10,3
0A3H,lemma,1,1
0A3I,lemma,2,1
0A3K,lemma,4,1
0A3L,lemma,1,2
0A3M,lemma,10,1
0A3N,lemma,3,1
0A3P,lemma,4,1
0A3Q,lemma,2,1
0A3S,lemma,1,2
0A3T,lemma,2,1
0A3U,lemma,2,3
0A3W,lemma,2,1
0A3X,lemma,4,1
0A3Y,lemma,2,1
0A3Z,lemma,3,1
0A40,lemma,1,1
0A43,lemma,1,5
0A45,lemma,1,1
0A46,lemma,4,1
0A48,lemma,13,3
0A49,lemma,5,1
0A4B,lemma,4,4
0A4C,lemma,3,1
0A4D,lemma,4,1
0A4E,lemma,4,1
0A4F,lemma,7,1
0A4H,lemma,2,1
0A4J,lemma,4,2
0A4K,lemma,4,2
0A4R,lemma,7,2
0A4S,lemma,7,1
0A4V,lemma,11,1
0A4W,lemma,4,2
0A4X,lemma,8,2
0A4Y,lemma,2,2
0A4Z,lemma,6,1
0A50,lemma,3,1
0A51,lemma,4,1
0A5B,lemma,10,1
0A5C,lemma,1,2
0A5D,lemma,3,2
0A5E,lemma,2,1
0A5G,lemma,3,1
0A5H,lemma,9,1
0A5P,lemma,2,1
0A5T,lemma,2,4
0A5V,lemma,2,1
0A5Y,lemma,2,3
0A62,lemma,1,3
0A65,lemma,1,4
0A66,lemma,2,6
0A68,lemma,1,1
0A69,lemma,2,2
0A6A,lemma,1,5
0A6B,lemma,2,1
0A6C,lemma,1,1
0A6D,lemma,2,1
0A6E,lemma,2,2
0A6F,lemma,1,2
0A6G,lemma,1,1
0A6H,lemma,5,7
0A6I,lemma,3,3
0A6J,lemma,2,1
0A6K,lemma,2,1
0A6L,lemma,1,1
0A6R,lemma,2,9
0A6T,lemma,4,1
0A6W,lemma,4,1
0A6X,proposition,1,2
0A6Y,lemma,6,1
0A70,lemma,2,6
0A72,lemma,2,3
0A75,lemma,2,2
0A76,lemma,2,1
0A78,lemma,5,3
0A79,lemma,2,1
0A7C,lemma,2,6
0A7D,lemma,1,1
0A7E,lemma,1,1
0A7F,lemma,3,2
0A7G,lemma,2,8
0A7H,lemma,6,1
0A7I,lemma,1,5
0A7J,lemma,3,4
0A7K,proposition,3,2
0A7L,lemma,2,1
0A7N,lemma,1,4
0A7Q,lemma,2,4
0A7R,lemma,1,2
0A7T,lemma,1,2
0A7U,lemma,6,5
0A7V,lemma,4,2
0A7X,lemma,2,2
0A7Y,lemma,1,1
0A7Z,lemma,3,3
0A80,lemma,6,1
0A82,lemma,4,1
0A84,theorem,4,1
0A86,lemma,4,1
0A88,lemma,2,1
0A89,lemma,4,2
0A8A,lemma,5,1
0A8B,lemma,1,1
0A8D,lemma,1,1
0A8F,lemma,4,1
0A8G,proposition,3,1
0A8M,lemma,1,2
0A8N,lemma,1,1
0A8P,lemma,1,1
0A8Q,lemma,1,1
0A8R,lemma,2,2
0A8T,lemma,3,2
0A8V,lemma,1,2
0A90,lemma,1,2
0A91,lemma,1,1
0A92,lemma,1,1
0A93,lemma,1,1
0A94,lemma,3,2
0A96,lemma,3,2
0A97,lemma,1,1
0A98,lemma,1,1
0A9A,lemma,6,4
0A9C,lemma,4,1
0A9E,lemma,6,10
0A9I,lemma,1,2
0A9K,lemma,1,2
0A9N,lemma,2,1
0A9P,lemma,6,6
0A9Q,lemma,2,5
0A9R,lemma,3,2
0A9T,lemma,3,1
0A9U,lemma,6,3
0A9V,lemma,4,1
0A9W,lemma,4,1
0A9X,lemma,4,4
0A9Z,lemma,1,5
0AA0,lemma,6,2
0AA1,lemma,2,6
0AA2,lemma,1,3
0AA3,lemma,5,2
0AA4,lemma,4,3
0AA7,lemma,7,1
0AA8,lemma,11,3
0AAA,lemma,6,2
0AAB,lemma,2,1
0AAE,lemma,5,4
0AAF,lemma,1,1
0AAG,lemma,5,1
0AAI,lemma,4,2
0AAJ,lemma,2,2
0AAK,lemma,4,3
0AAV,lemma,2,1
0AAW,lemma,3,2
0AAX,lemma,1,4
0AAY,lemma,3,3
0AB3,lemma,2,1
0AB6,lemma,8,2
0AB7,lemma,3,5
0AB9,lemma,3,2
0ABA,lemma,1,4
0ABB,lemma,5,1
0ABC,lemma,5,1
0ABE,lemma,3,1
0ABF,lemma,3,1
0ABG,lemma,1,1
0ABH,lemma,4,1
0ABI,lemma,11,1
0ABJ,lemma,3,1
0ABM,lemma,6,6
0ABN,lemma,4,2
0ABR,lemma,4,1
0ABS,lemma,3,1
0ABT,lemma,1,5
0ABV,lemma,5,7
0ABW,lemma,2,1
0ABX,lemma,2,1
0ABY,lemma,4,4
0AC5,lemma,1,1
0AC6,lemma,2,1
0AC7,lemma,4,1
0AC8,lemma,5,2
0AC9,lemma,6,1
0ACA,lemma,6,1
0ACB,lemma,8,2
0ACK,lemma,10,5
0ACZ,lemma,11,2
0AD0,lemma,3,1
0AD1,lemma,5,1
0AD2,lemma,3,3
0AD5,lemma,6,1
0ADD,lemma,5,1
0ADL,lemma,1,1
0ADV,lemma,6,1
0AE5,lemma,4,2
0AE7,lemma,8,1
0AEC,lemma,8,2
0AEH,lemma,4,1
0AEI,lemma,3,1
0AEJ,lemma,4,1
0AEL,lemma,2,1
0AEM,lemma,4,1
0AEN,lemma,2,2
0AEQ,lemma,3,2
0AER,lemma,1,1
0AES,lemma,1,1
0AET,lemma,2,1
0AEU,lemma,3,1
0AF0,proposition,7,1
0AF1,lemma,3,2
0AF4,lemma,6,1
0AF5,lemma,2,1
0AF7,lemma,1,1
0AF9,lemma,3,1
0AFE,lemma,5,3
0AFF,lemma,4,1
0AFI,lemma,2,1
0AFK,lemma,2,1
0AFS,lemma,3,2
0AFT,lemma,3,3
0AFU,lemma,1,2
0AFX,lemma,3,1
0AFY,lemma,3,1
0AFZ,lemma,4,1
0AG0,lemma,8,5
0AG5,lemma,6,4
0AG6,lemma,4,3
0AG7,lemma,3,2
0AG8,lemma,1,5
0AG9,lemma,2,2
0AGA,lemma,1,4
0AGB,lemma,3,5
0AGD,lemma,5,2
0AGE,lemma,6,1
0AGG,lemma,11,1
0AGQ,lemma,6,5
0AGR,lemma,5,4
0AGS,lemma,12,5
0AGT,lemma,2,1
0AGU,lemma,4,2
0AGV,lemma,7,4
0AGW,lemma,4,1
0AGX,lemma,4,8
0AGZ,lemma,1,1
0AH0,lemma,3,2
0AH1,lemma,3,3
0AH2,lemma,7,1
0AH3,lemma,5,1
0AH5,lemma,5,2
0AH6,lemma,5,2
0AH8,lemma,3,1
0AHB,lemma,4,3
0AHH,lemma,5,3
0AHI,lemma,3,3
0AHJ,lemma,3,1
0AHL,lemma,2,1
0AHN,lemma,1,3
0AHR,lemma,4,4
0AI1,lemma,2,1
0AI8,lemma,2,3
0AI9,lemma,4,2
0AIA,lemma,1,10
0AIC,lemma,5,5
0AIG,lemma,4,5
0AII,lemma,1,3
0AIN,lemma,13,1
0AIP,lemma,10,6
0AIQ,lemma,3,1
0AIU,lemma,3,2
0AIY,lemma,3,1
0AJ1,lemma,1,2
0AJ2,lemma,4,3
0AJ3,lemma,2,2
0AJH,lemma,2,1
0AJP,lemma,2,3
0AJQ,lemma,4,2
0AJS,lemma,5,3
0AJT,lemma,1,3
0AJU,lemma,7,1
0AK2,lemma,1,2
0AK6,lemma,2,1
0AK7,lemma,2,2
0AK9,lemma,4,1
0AKG,lemma,16,1
0AKJ,lemma,6,2
0AKM,lemma,1,2
0AKN,lemma,5,7
0AKP,lemma,5,4
0AKQ,lemma,2,3
0AKS,lemma,5,2
0AKT,lemma,9,2
0AKW,lemma,7,1
0AL9,lemma,1,2
0ALA,lemma,2,1
0ALH,lemma,4,2
0ALI,lemma,7,3
0ALJ,lemma,2,3
0ALK,lemma,3,3
0ALM,lemma,2,3
0ALN,lemma,1,6
0ALQ,lemma,5,3
0ALR,lemma,9,5
0ALS,lemma,6,1
0ALT,lemma,8,2
0ALW,lemma,6,1
0ALZ,lemma,1,6
0AM0,lemma,1,1
0AM2,lemma,1,1
0AME,lemma,1,3
0AMN,lemma,1,1
0AMP,lemma,2,1
0AMT,lemma,2,1
0AMW,lemma,1,3
0AMZ,lemma,2,1
0AN0,lemma,2,5
0AN1,lemma,4,3
0AN2,lemma,1,3
0AN3,lemma,3,2
0AN4,lemma,5,3
0AN5,lemma,6,4
0AN8,lemma,3,2
0AN9,lemma,3,1
0ANJ,lemma,10,2
0ANL,lemma,6,2
0ANQ,lemma,3,1
0ANT,lemma,3,1
0ANU,lemma,11,2
0ANV,lemma,4,1
0ANW,lemma,2,1
0AP0,lemma,3,1
0AP1,lemma,3,4
0AP2,lemma,5,1
0AP3,lemma,3,1
0AP4,lemma,4,1
0AP7,lemma,2,1
0AP9,lemma,1,2
0APA,lemma,4,2
0APB,lemma,5,1
0APF,lemma,2,1
0API,lemma,4,1
0APJ,lemma,2,1
0APK,lemma,12,2
0APL,proposition,14,12
0APN,lemma,3,2
0APQ,lemma,1,1
0APR,theorem,2,1
0APX,lemma,5,1
0AQ0,lemma,2,2
0AQ1,lemma,4,1
0AQ4,lemma,2,1
0AQ5,lemma,2,2
0AQ7,lemma,2,1
0AQ8,lemma,2,1
0AQ9,lemma,2,1
0AQD,lemma,15,1
0AQF,lemma,1,1
0AQG,lemma,1,2
0AQH,lemma,8,3
0AQJ,lemma,2,1
0AQL,lemma,9,2
0AQX,lemma,4,1
0AR0,lemma,1,1
0AR3,lemma,1,1
0AR4,lemma,2,1
0AR6,lemma,3,2
0AR7,lemma,2,1
0AR8,lemma,2,1
0ARA,lemma,7,3
0ARB,theorem,2,1
0ARH,lemma,10,1
0ARJ,lemma,3,2
0ARK,lemma,5,1
0ARP,lemma,1,1
0ARQ,lemma,1,1
0ARS,lemma,5,2
0ARU,lemma,4,2
0ARV,lemma,3,2
0ARW,lemma,8,2
0ARX,lemma,8,1
0ARY,lemma,3,1
0AS0,lemma,2,1
0AS4,lemma,2,1
0AS5,lemma,3,1
0AS6,lemma,1,2
0AS7,lemma,1,2
0AS8,lemma,2,2
0ASC,lemma,3,1
0ASD,lemma,1,2
0ASE,lemma,4,1
0ASI,lemma,5,1
0ASJ,lemma,9,1
0ASK,lemma,4,1
0ASN,lemma,1,1
0ASP,lemma,2,4
0ASQ,lemma,4,1
0AST,lemma,1,1
0ASU,lemma,2,2
0ASV,lemma,4,2
0ASX,lemma,5,1
0ASY,lemma,4,1
0AT2,lemma,2,2
0AT3,lemma,6,1
0AT4,lemma,4,1
0AT7,lemma,3,2
0AT8,lemma,1,2
0AT9,lemma,5,1
0ATA,lemma,2,2
0ATB,lemma,1,1
0ATC,lemma,2,1
0ATI,lemma,4,1
0ATK,lemma,7,2
0ATN,lemma,5,1
0ATP,lemma,1,1
0ATQ,lemma,4,3
0ATR,lemma,4,2
0ATU,lemma,1,2
0ATX,lemma,12,4
0AU0,lemma,1,1
0AU1,lemma,3,3
0AU2,lemma,5,1
0AU7,lemma,1,2
0AUD,lemma,2,1
0AUE,lemma,6,1
0AUG,lemma,2,1
0AUJ,lemma,2,1
0AUK,lemma,8,5
0AUN,lemma,1,1
0AUQ,lemma,2,1
0AUT,lemma,2,2
0AUV,lemma,5,1
0AUW,lemma,7,7
0AV0,lemma,2,3
0AV1,lemma,2,1
0AV2,lemma,4,1
0AV3,lemma,2,1
0AV5,lemma,1,3
0AV7,lemma,2,1
0AV8,lemma,4,3
0AV9,lemma,1,3
0AVA,lemma,5,2
0AVB,lemma,5,6
0AVC,lemma,2,1
0AVE,lemma,3,1
0AVF,lemma,2,2
0AVJ,lemma,8,2
0AVK,lemma,4,4
0AVL,lemma,1,2
0AVM,lemma,1,2
0AVN,lemma,1,2
0AVX,lemma,1,1
0AVZ,lemma,7,9
0AW0,lemma,3,3
0AW3,lemma,4,1
0AW4,lemma,2,1
0AW5,lemma,9,1
0AW6,proposition,2,3
0AW8,lemma,3,3
0AW9,lemma,5,2
0AWA,lemma,11,1
0AWD,lemma,2,1
0AWE,lemma,6,2
0AWF,lemma,1,2
0AWK,lemma,4,2
0AWL,lemma,3,2
0AWM,lemma,5,1
0AWN,lemma,4,2
0AWP,lemma,5,3
0AWS,lemma,1,5
0AWT,lemma,4,3
0AWX,lemma,3,7
0AX0,lemma,4,3
0AX1,lemma,2,2
0AX2,lemma,5,1
0AX5,lemma,2,2
0AX6,lemma,2,1
0AX9,lemma,1,1
0AXA,lemma,9,1
0AXB,lemma,10,2
0AXC,lemma,2,1
0AXD,proposition,7,2
0AXF,lemma,5,4
0AXH,lemma,9,2
0AXI,lemma,2,1
0AXJ,lemma,3,2
0AXL,lemma,4,2
0AXP,lemma,2,2
0AY7,lemma,1,1
0AY8,lemma,4,3
0AY9,lemma,1,1
0AYC,lemma,3,3
0AYG,lemma,2,1
0AYH,lemma,3,2
0AYJ,lemma,4,1
0AYL,lemma,2,1
0AYM,lemma,5,3
0AYP,lemma,6,1
0AYS,lemma,1,1
0AYT,lemma,5,8
0AYU,lemma,6,3
0AYV,lemma,2,3
0AYW,lemma,10,2
0AYX,lemma,2,6
0AYY,lemma,6,3
0AYZ,lemma,4,1
0AZ4,lemma,1,1
0AZD,lemma,1,1
0AZF,lemma,1,2
0AZM,lemma,2,2
0AZN,lemma,2,2
0AZP,lemma,2,1
0AZS,lemma,5,1
0AZW,lemma,1,1
0AZZ,theorem,6,1
0B02,lemma,2,2
0B03,lemma,2,2
0B04,lemma,6,2
0B05,lemma,1,1
0B06,lemma,4,1
0B07,lemma,2,3
0B0E,lemma,6,2
0B0K,proposition,4,2
0B0N,lemma,1,1
0B0Q,lemma,1,3
0B0T,lemma,6,2
0B0U,lemma,3,1
0B0V,proposition,3,1
0B0W,lemma,6,3
0B0Y,lemma,3,1
0B10,lemma,8,3
0B1I,lemma,6,2
0B1J,lemma,5,1
0B1L,lemma,3,2
0B1M,lemma,3,2
0B1P,lemma,4,2
0B1Q,lemma,4,1
0B1R,lemma,1,1
0B1S,lemma,6,1
0B1T,lemma,2,2
0B20,lemma,1,2
0B21,lemma,3,2
0B2D,lemma,3,1
0B2E,lemma,6,1
0B2G,lemma,4,2
0B2I,lemma,4,2
0B2K,lemma,3,1
0B2L,lemma,5,4
0B2M,lemma,3,2
0B2Q,lemma,3,2
0B2R,lemma,3,1
0B36,lemma,1,1
0B3A,lemma,1,1
0B3D,lemma,1,1
0B3E,lemma,1,3
0B3F,lemma,3,1
0B3G,lemma,2,1
0B3H,lemma,1,1
0B3I,lemma,5,2
0B3J,lemma,4,4
0B3M,lemma,3,1
0B3N,lemma,4,2
0B3R,lemma,2,2
0B3S,lemma,2,3
0B3T,lemma,4,1
0B3U,lemma,1,1
0B3V,lemma,4,2
0B3X,lemma,1,3
0B40,lemma,2,4
0B42,lemma,8,3
0B45,lemma,11,3
0B46,lemma,4,1
0B48,lemma,4,2
0B49,lemma,3,1
0B4B,lemma,1,3
0B4D,lemma,3,2
0B4E,lemma,3,1
0B4J,lemma,4,1
0B4L,lemma,3,1
0B4M,lemma,1,1
0B4P,lemma,5,1
0B4Q,lemma,5,2
0B4S,lemma,9,2
0B4T,lemma,8,1
0B4U,lemma,8,1
0B4X,lemma,2,2
0B4Y,lemma,3,2
0B4Z,lemma,5,3
0B52,lemma,4,4
0B54,lemma,1,2
0B55,lemma,6,1
0B57,lemma,1,1
0B59,lemma,1,1
0B5A,lemma,3,1
0B5E,lemma,3,1
0B5F,lemma,1,2
0B5H,lemma,11,1
0B5I,lemma,3,1
0B5J,lemma,2,1
0B5P,lemma,5,1
0B5Q,lemma,5,2
0B5R,lemma,9,1
0B5T,lemma,8,3
0B5U,lemma,2,5
0B5V,lemma,5,1
0B5X,lemma,8,4
0B60,lemma,4,1
0B62,lemma,1,1
0B63,lemma,4,1
0B64,lemma,7,1
0B66,lemma,3,2
0B67,lemma,1,2
0B6F,lemma,1,1
0B6G,lemma,2,2
0B6I,lemma,2,1
0B6J,lemma,4,2
0B6K,lemma,5,1
0B6P,lemma,6,1
0B6Q,lemma,4,1
0B6R,lemma,2,1
0B6T,lemma,4,1
0B6U,lemma,9,2
0B71,lemma,3,3
0B72,lemma,4,2
0B73,lemma,3,1
0B74,lemma,2,2
0B7B,lemma,3,1
0B7G,lemma,4,1
0B7I,lemma,1,1
0B7J,lemma,2,1
0B7M,lemma,3,1
0B7N,lemma,1,3
0B7P,lemma,3,3
0B7Q,lemma,8,1
0B7R,proposition,7,4
0B7S,lemma,1,1
0B7T,lemma,1,1
0B7U,lemma,9,1
0B7W,lemma,4,1
0B80,lemma,1,1
0B83,lemma,1,3
0B84,lemma,4,3
0B85,lemma,7,1
0B87,lemma,2,3
0B88,lemma,15,2
0B8B,lemma,6,1
0B8E,lemma,4,2
0B8F,lemma,3,1
0B8I,lemma,2,2
0B8J,lemma,3,2
0B8K,lemma,3,5
0B8M,lemma,3,1
0B8N,lemma,1,3
0B8Q,lemma,3,1
0B8R,lemma,1,1
0B8S,lemma,1,1
0B8U,lemma,1,1
0B8V,lemma,1,1
0B8W,lemma,2,2
0B8X,lemma,6,2
0B8Y,lemma,4,6
0B8Z,lemma,4,2
0B90,lemma,1,1
0B91,lemma,1,9
0B95,lemma,3,2
0B97,lemma,2,2
0B98,lemma,2,1
0B99,lemma,4,1
0B9A,proposition,4,1
0B9D,lemma,7,3
0B9E,lemma,7,1
0B9F,lemma,4,1
0B9G,lemma,1,2
0B9H,lemma,4,1
0B9I,proposition,8,2
0B9M,lemma,1,1
0B9N,lemma,2,1
0B9Q,lemma,1,1
0B9S,lemma,2,2
0B9T,lemma,2,3
0B9U,lemma,2,1
0B9V,lemma,2,1
0B9X,lemma,8,2
0B9Y,lemma,3,1
0B9Z,proposition,6,1
0BA0,lemma,11,2
0BA1,lemma,4,1
0BA3,lemma,1,1
0BA5,lemma,7,1
0BA8,lemma,2,5
0BA9,lemma,1,2
0BAA,lemma,2,2
0BAC,lemma,1,4
0BAD,lemma,3,1
0BAE,lemma,4,2
0BAH,lemma,1,1
0BAI,lemma,5,3
0BAJ,lemma,2,3
0BAL,lemma,5,4
0BAN,lemma,2,1
0BAQ,lemma,2,8
0BAR,lemma,1,2
0BAS,lemma,9,1
0BAU,lemma,1,2
0BAX,lemma,3,1
0BB1,lemma,3,1
0BB4,lemma,4,3
0BB5,lemma,3,1
0BB8,lemma,2,1
0BB9,lemma,5,5
0BBB,lemma,2,1
0BBC,lemma,12,2
0BBF,lemma,3,1
0BBG,lemma,5,1
0BBI,lemma,2,2
0BBJ,lemma,6,2
0BBM,lemma,8,1
0BBN,lemma,11,3
0BBP,lemma,1,5
0BBQ,lemma,7,2
0BBT,lemma,6,5
0BBU,lemma,2,2
0BBV,lemma,10,2
0BC1,lemma,4,3
0BC6,lemma,2,2
0BC7,lemma,6,2
0BCA,lemma,4,3
0BCB,lemma,5,1
0BCC,lemma,2,1
0BCD,lemma,4,7
0BCG,lemma,3,1
0BCH,lemma,2,2
0BCI,lemma,2,1
0BCJ,lemma,2,2
0BCK,lemma,2,1
0BCL,lemma,7,5
0BCM,lemma,1,1
0BCN,lemma,3,2
0BCP,lemma,2,3
0BCR,lemma,6,1
0BCU,lemma,3,1
0BCV,lemma,2,1
0BCW,lemma,4,1
0BCY,lemma,2,1
0BCZ,lemma,2,1
0BD0,lemma,4,2
0BD1,lemma,2,1
0BD3,lemma,2,2
0BD4,proposition,4,2
0BD5,lemma,3,1
0BD7,lemma,11,2
0BD8,lemma,6,1
0BD9,lemma,4,2
0BDA,lemma,3,3
0BDC,lemma,8,2
0BDE,lemma,3,1
0BDF,lemma,10,1
0BDI,lemma,4,3
0BDJ,lemma,1,1
0BDK,lemma,2,1
0BDL,lemma,4,3
0BDP,lemma,3,1
0BDX,lemma,2,3
0BDY,lemma,3,1
0BDZ,lemma,1,1
0BE1,lemma,2,6
0BE8,lemma,3,3
0BE9,lemma,7,1
0BED,lemma,10,2
0BEH,lemma,2,1
0BEK,lemma,3,1
0BEM,lemma,7,3
0BEN,lemma,7,3
0BER,lemma,1,2
0BES,lemma,1,1
0BET,lemma,8,2
0BEV,lemma,9,2
0BEX,lemma,2,1
0BF0,lemma,14,1
0BF1,lemma,4,1
0BF2,lemma,5,1
0BF3,lemma,2,1
0BF4,theorem,3,1
0BF5,lemma,1,2
0BF7,lemma,17,1
0BFA,lemma,2,2
0BFC,lemma,4,1
0BFD,lemma,2,1
0BFE,lemma,1,1
0BFF,lemma,1,1
0BFG,lemma,13,3
0BFH,lemma,4,2
0BFK,lemma,3,5
0BFL,lemma,2,1
0BFM,lemma,2,1
0BFN,lemma,6,3
0BFP,lemma,10,7
0BFQ,lemma,2,1
0BFR,lemma,5,2
0BFY,lemma,1,3
0BFZ,lemma,1,2
0BG0,lemma,7,2
0BG5,lemma,1,4
0BG6,lemma,6,5
0BG8,lemma,9,1
0BG9,lemma,5,2
0BGA,lemma,1,3
0BGG,lemma,6,3
0BGH,lemma,6,2
0BGI,lemma,9,2
0BGM,lemma,15,2
0BGN,lemma,16,1
0BGP,theorem,12,2
0BGQ,lemma,2,1
0BGR,lemma,3,1
0BGS,lemma,1,1
0BGT,lemma,1,2
0BGV,lemma,2,1
0BGY,lemma,5,2
0BGZ,lemma,12,2
0BH2,lemma,1,1
0BH3,lemma,3,2
0BHB,lemma,1,1
0BHF,lemma,2,2
0BHG,lemma,3,1
0BHL,lemma,1,2
0BHQ,lemma,3,1
0BHT,lemma,6,2
0BHU,lemma,9,1
0BHZ,lemma,3,2
0BI0,lemma,2,1
0BI2,lemma,4,1
0BI4,lemma,4,1
0BI5,lemma,2,1
0BI7,lemma,2,2
0BI8,lemma,3,1
0BIB,lemma,2,1
0BID,lemma,1,2
0BIG,lemma,2,1
0BIH,lemma,1,3
0BIJ,lemma,1,1
0BIL,lemma,5,5
0BIQ,lemma,3,1
0BIT,lemma,1,1
0BIU,lemma,2,5
0BIV,proposition,5,3
0BIW,lemma,4,1
0BIX,lemma,4,2
0BIY,lemma,3,1
0BJ0,lemma,4,2
0BJ3,lemma,1,2
0BJ4,lemma,9,1
0BJ5,lemma,5,2
0BJ8,proposition,1,1
0BJB,lemma,1,1
0BJC,lemma,1,1
0BJF,lemma,6,4
0BJG,lemma,2,1
0BJH,lemma,10,1
0BJI,lemma,2,2
0BJJ,lemma,4,2
0BJL,lemma,6,6
0BJN,lemma,4,1
0BJS,lemma,3,1
0BJT,lemma,3,1
0BJU,lemma,7,1
0BJV,theorem,11,1
0BJZ,lemma,9,2
0BK0,lemma,5,9
0BK1,lemma,8,1
0BK3,proposition,4,3
0BK4,lemma,5,2
0BK5,lemma,5,1
0BK6,lemma,1,3
0BK7,lemma,2,1
0BK8,lemma,1,2
0BKA,lemma,4,1
0BKB,lemma,2,1
0BKI,lemma,4,1
0BKP,lemma,3,1
0BKS,lemma,2,1
0BKT,lemma,3,1
0BKU,lemma,4,1
0BKY,lemma,2,1
0BKZ,lemma,3,2
0BL3,lemma,2,1
0BL4,lemma,2,1
0BL5,lemma,2,1
0BL7,lemma,5,6
0BLB,lemma,1,2
0BLD,lemma,7,1
0BLG,lemma,2,1
0BLH,lemma,3,2
0BLI,lemma,7,2
0BLJ,lemma,8,1
0BLK,lemma,2,2
0BLL,lemma,3,3
0BLM,lemma,8,1
0BLQ,lemma,4,4
0BLS,lemma,5,1
0BLT,lemma,2,1
0BLV,lemma,7,1
0BLX,lemma,3,1
0BM4,lemma,3,1
0BM5,lemma,1,1
0BM6,lemma,10,1
0BM8,lemma,4,2
0BM9,lemma,12,1
0BMA,lemma,12,2
0BMB,lemma,11,1
0BMD,lemma,2,1
0BME,lemma,3,5
0BMG,lemma,2,3
0BMH,lemma,2,1
0BMJ,lemma,4,1
0BMK,lemma,2,5
0BML,theorem,4,2
0BMM,lemma,1,1
0BMU,lemma,3,2
0BMV,lemma,2,1
0BN0,lemma,1,3
0BN2,lemma,1,2
0BN3,lemma,5,1
0BN4,proposition,3,2
0BN5,lemma,3,2
0BN9,lemma,6,1
0BNB,lemma,8,1
0BND,theorem,3,1
0BNE,lemma,3,2
0BNF,lemma,2,2
0BNG,lemma,1,1
0BNJ,lemma,1,2
0BNK,lemma,2,4
0BNL,lemma,1,3
0BNM,lemma,3,1
0BNR,lemma,1,3
0BNW,lemma,3,1
0BNZ,lemma,2,1
0BP0,lemma,2,1
0BP1,lemma,5,1
0BPA,lemma,3,3
0BPC,lemma,2,1
0BPG,lemma,19,2
0BPJ,lemma,14,1
0BPR,lemma,2,1
0BPS,lemma,2,1
0BPU,lemma,4,1
0BPV,lemma,5,1
0BPY,lemma,2,1
0BQ0,lemma,8,1
0BQ3,lemma,1,1
0BQ5,lemma,3,3
0BQB,lemma,6,2
0BQE,lemma,3,4
0BQG,lemma,3,1
0BQI,lemma,7,1
0BQK,lemma,8,2
0BQL,lemma,5,1
0BQM,proposition,8,3
0BQN,proposition,5,2
0BQR,lemma,4,1
0BQS,lemma,3,1
0BQW,lemma,3,1
0BQY,lemma,3,1
0BQZ,lemma,3,1
0BR0,lemma,3,1
0BR1,lemma,4,1
0BR3,lemma,1,1
0BR4,lemma,1,1
0BR6,lemma,2,2
0BR8,lemma,1,2
0BRA,lemma,4,17
0BRB,lemma,4,1
0BRC,lemma,4,1
0BRD,lemma,2,1
0BRG,lemma,1,1
0BRH,lemma,2,2
0BRI,lemma,2,5
0BRJ,lemma,7,4
0BRK,lemma,5,3
0BRL,lemma,1,1
0BRM,lemma,4,3
0BRN,lemma,7,1
0BRP,lemma,4,1
0BRQ,lemma,1,1
0BRR,lemma,12,1
0BRT,lemma,7,1
0BS2,lemma,7,3
0BS3,lemma,3,3
0BS6,lemma,5,3
0BS9,lemma,2,5
0BSA,lemma,3,2
0BSB,lemma,9,1
0BSH,lemma,1,1
0BSI,lemma,3,1
0BSJ,lemma,1,2
0BSM,lemma,6,2
0BSP,lemma,2,2
0BSQ,lemma,3,2
0BSR,lemma,2,4
0BST,lemma,6,2
0BSU,lemma,2,2
0BSW,lemma,10,1
0BSX,lemma,2,2
0BT0,lemma,1,2
0BT1,lemma,1,1
0BT2,lemma,1,2
0BT3,lemma,1,5
0BT7,lemma,3,2
0BT8,lemma,1,4
0BT9,lemma,2,4
0BTA,lemma,3,1
0BTG,lemma,1,1
0BTJ,lemma,1,1
0BTK,lemma,5,1
0BTL,lemma,10,3
0BTM,lemma,3,1
0BTN,lemma,2,1
0BTP,proposition,17,1
0BTV,lemma,3,2
0BTW,lemma,2,2
0BTY,theorem,5,1
0BU1,lemma,1,1
0BU2,lemma,8,1
0BU7,lemma,3,1
0BUA,lemma,6,1
0BUE,lemma,1,1
0BUF,lemma,5,2
0BUG,lemma,7,5
0BUL,lemma,7,1
0BUN,lemma,7,1
0BUR,lemma,1,1
0BUS,lemma,4,1
0BUT,lemma,1,4
0BUU,lemma,4,1
0BUV,lemma,2,1
0BUW,lemma,1,1
0BUX,lemma,4,1
0BUY,lemma,2,1
0BUZ,lemma,2,1
0BV0,lemma,2,1
0BV5,lemma,6,1
0BV6,lemma,2,3
0BV7,lemma,2,2
0BV8,lemma,6,1
0BVA,lemma,4,3
0BVC,lemma,2,1
0BVD,lemma,2,1
0BVE,lemma,5,1
0BVF,lemma,7,2
0BVN,lemma,1,1
0BVR,lemma,1,1
0BVS,lemma,7,1
0BVT,lemma,1,2
0BVZ,lemma,1,1
0BW1,lemma,2,3
0BW2,lemma,1,1
0BW3,lemma,2,1
0BW6,lemma,1,1
0BW7,lemma,5,2
0BW8,lemma,2,2
0BW9,lemma,6,1
0BWC,lemma,1,1
0BWD,lemma,6,2
0BWF,lemma,2,2
0BWG,lemma,4,1
0BWJ,lemma,7,2
0BWL,lemma,3,1
0BWQ,lemma,1,1
0BWS,lemma,2,2
0BWT,lemma,4,3
0BWU,lemma,2,2
0BWV,lemma,2,2
0BWW,lemma,3,1
0BWX,lemma,4,1
0BWY,lemma,2,1
0BX1,lemma,2,2
0BX2,lemma,1,2
0BX3,lemma,1,3
0BX5,lemma,2,1
0BX6,lemma,3,3
0BX7,lemma,4,3
0BX8,lemma,1,3
0BXA,lemma,1,1
0BXB,lemma,7,2
0BXC,lemma,3,2
0BXD,proposition,6,1
0BXG,lemma,1,1
0BXH,lemma,1,3
0BXJ,lemma,5,4
0BXL,lemma,4,2
0BXN,theorem,2,1
0BXR,lemma,8,4
0BXS,lemma,6,1
0BXT,lemma,7,1
0BXU,lemma,1,1
0BXV,lemma,4,3
0BXW,lemma,6,2
0BXY,lemma,1,3
0BYB,lemma,3,1
0BYD,lemma,3,1
0BYH,lemma,1,1
0BYJ,lemma,1,1
0BYK,lemma,1,1
0BYL,lemma,4,1
0BYN,lemma,1,2
0BYP,lemma,2,1
0BYQ,lemma,8,1
0BYR,lemma,1,1
0BYT,lemma,1,1
0BYW,lemma,3,1
0BYZ,lemma,4,1
0BZ0,lemma,2,1
0BZ3,lemma,2,2
0BZ5,lemma,6,2
0BZ7,lemma,1,1
0BZ9,lemma,3,1
0BZC,lemma,2,2
0BZD,lemma,1,1
0BZE,lemma,6,4
0BZH,lemma,4,4
0BZK,lemma,3,1
0BZL,lemma,2,1
0BZM,lemma,2,2
0BZN,lemma,2,1
0BZP,lemma,11,1
0BZR,lemma,4,2
0BZS,lemma,2,2
0BZT,lemma,3,1
0BZV,lemma,1,1
0BZY,lemma,2,1
0BZZ,lemma,3,2
0C00,lemma,1,2
0C01,lemma,3,1
0C03,lemma,2,2
0C07,lemma,3,1
0C08,lemma,3,2
0C0C,lemma,2,1
0C0D,lemma,1,1
0C0E,lemma,9,1
0C0F,lemma,1,1
0C0J,proposition,8,1
0C0K,lemma,1,1
0C0N,lemma,3,1
0C0P,lemma,3,1
0C0Q,proposition,14,1
0C0S,lemma,3,2
0C0T,lemma,5,4
0C0V,lemma,3,1
0C0Y,lemma,6,1
0C12,lemma,1,1
0C13,lemma,3,1
0C15,lemma,3,1
0C16,lemma,8,2
0C19,lemma,1,3
0C1A,lemma,3,1
0C1D,lemma,4,1
0C1L,lemma,1,2
0C1M,lemma,3,1
0C1N,lemma,4,1
0C1R,lemma,5,1
0C1S,lemma,5,1
0C1V,lemma,8,2
0C1X,lemma,2,1
0C1Z,lemma,3,1
0C21,lemma,3,1
0C22,lemma,3,2
0C23,lemma,1,1
0C24,lemma,10,4
0C25,lemma,11,2
0C28,lemma,5,2
0C29,lemma,3,2
0C2A,lemma,1,1
0C2B,lemma,5,2
0C2D,lemma,6,2
0C2E,lemma,10,1
0C2J,lemma,1,1
0C2K,lemma,2,1
0C2L,lemma,11,1
0C2M,lemma,12,4
0C2N,lemma,6,1
0C2S,lemma,3,1
0C2T,lemma,5,1
0C2U,lemma,5,1
0C2W,proposition,5,1
0C2X,lemma,2,3
0C2Y,lemma,3,1
0C2Z,lemma,1,1
0C30,lemma,1,1
0C31,lemma,2,1
0C32,lemma,1,1
0C34,lemma,4,3
0C35,lemma,2,2
0C36,lemma,5,2
0C37,lemma,3,5
0C39,lemma,1,1
0C3A,lemma,3,1
0C3B,lemma,4,2
0C3D,lemma,1,1
0C3E,lemma,1,1
0C3F,lemma,1,1
0C3G,lemma,1,1
0C3I,lemma,2,4
0C3K,lemma,2,1
0C3L,lemma,1,1
0C3M,lemma,2,1
0C3N,lemma,9,1
0C3P,lemma,7,2
0C3R,lemma,11,4
0C3S,lemma,6,4
0C3U,lemma,2,2
0C3V,lemma,18,3
0C3W,lemma,2,3
0C3X,lemma,4,1
0C3Y,lemma,4,1
0C40,lemma,6,2
0C42,lemma,5,2
0C43,lemma,3,1
0C45,lemma,6,1
0C48,lemma,1,2
0C49,lemma,7,3
0C4A,lemma,11,1
0C4C,lemma,3,2
0C4D,lemma,16,2
0C4E,lemma,16,1
0C4F,lemma,3,1
0C4G,lemma,2,1
0C4J,lemma,3,2
0C4K,lemma,2,1
0C4L,lemma,4,1
0C4M,lemma,2,2
0C4P,lemma,5,1
0C4Q,lemma,1,1
0C4R,lemma,2,2
0C4T,lemma,5,3
0C4V,lemma,8,2
0C4W,lemma,1,1
0C4Y,lemma,2,3
0C4Z,lemma,4,1
0C50,lemma,3,1
0C52,lemma,5,1
0C54,lemma,6,1
0C55,lemma,2,1
0C56,lemma,6,2
0C57,lemma,3,2
0C5B,lemma,4,1
0C5C,lemma,7,1
0C5G,lemma,7,1
0C5H,lemma,3,3
0C5J,lemma,4,3
0C5K,lemma,1,1
0C5N,lemma,9,1
0C5P,lemma,2,1
0C5R,lemma,8,2
0C5S,lemma,2,1
0C5V,lemma,1,2
0C5X,lemma,2,4
0C5Z,lemma,5,2
0C60,lemma,3,1
0C62,lemma,1,2
0C63,lemma,3,3
0C64,lemma,2,4
0C66,lemma,4,5
0C67,lemma,1,2
0C68,lemma,6,1
0C69,lemma,7,1
0C6A,lemma,6,1
0C6H,lemma,1,1
0C6I,lemma,3,1
0C6J,lemma,5,1
0C6P,lemma,1,2
0C6R,lemma,1,1
0C6S,lemma,2,1
0C6T,lemma,8,2
0C6U,proposition,8,1
0C6X,lemma,3,1
0C74,lemma,1,4
0C75,lemma,1,3
0C77,lemma,3,2
0C7B,lemma,1,1
0C7C,lemma,1,3
0C7D,lemma,1,1
0C8Q,proposition,1,1
0C9V,lemma,7,1
0C9W,lemma,5,1
0CA2,lemma,7,1
0CA3,lemma,4,1
0CAB,lemma,3,1
0CAH,lemma,1,1
0CAI,lemma,2,1
0CAK,lemma,4,1
0CAL,lemma,1,1
0CAM,lemma,2,1
0CAN,lemma,1,1
0CAP,lemma,1,1
0CAR,lemma,2,1
0CAS,lemma,2,1
0CAU,lemma,2,2
0CAW,lemma,7,1
0CAY,lemma,5,1
0CB3,lemma,4,1
0CB4,lemma,7,1
